Depth.cm,ka.BP,counts,Acc.rate.yr.cm,CHAR
0,0.001,24,4,6
1,0.005,32,5,6.4
2,0.01,27,4,6.75
3,0.014,24,4,6
4,0.018,19,4,4.75
5,0.022,21,4,5.25
6,0.026,18,4,4.5
7,0.03,32,5,6.4
8,0.035,28,4,7
9,0.039,21,4,5.25
10,0.043,20,4,5
11,0.047,18,4,4.5
12,0.051,16,4,3.2
13,0.055,10,5,2.5
14,0.06,4,4,1
15,0.064,5,4,1.25
16,0.068,7,4,1.75
17,0.072,5,4,1.25
18,0.076,1,4,0.25
19,0.08,8,4,1.6
20,0.084,9,5,2.25
21,0.089,7,4,1.75
22,0.093,9,4,2.25
23,0.097,8,4,2
24,0.101,14,4,3.5
25,0.105,16,4,4
26,0.109,11,4,2.2
27,0.113,7,5,1.75
28,0.118,8,4,2
29,0.122,2,4,0.5
30,0.126,18,1,18
31,0.127,11,1,5.5
32,0.128,10,2,10
33,0.13,8,1,8
34,0.131,5,1,5
35,0.132,9,2,4.5
36,0.134,8,1,8
37,0.135,5,1,5
38,0.136,9,2,9
39,0.138,7,1,3.5
40,0.139,21,1,21
41,0.14,14,1,14
42,0.141,11,1,11
43,0.142,8,2,4
44,0.144,9,1,9
45,0.145,12,1,12
46,0.146,8,1,8
47,0.147,5,2,2.5
48,0.149,4,1,4
49,0.15,1,1,1
50,0.151,2,1,2
51,0.152,4,2,4
52,0.154,2,1,1
53,0.155,3,1,3
54,0.156,2,1,2
55,0.157,4,2,4
56,0.159,5,1,2.5
57,0.16,7,1,7
58,0.161,9,1,9
59,0.162,11,2,11
60,0.164,15,16,0.94
61,0.18,11,16,0.69
62,0.196,7,16,0.41
63,0.212,6,16,0.38
64,0.228,8,16,0.5
65,0.244,6,16,0.38
66,0.26,9,16,0.6
67,0.276,8,15,0.5
68,0.291,14,16,0.88
69,0.307,25,16,1.56
70,0.323,38,16,2.38
71,0.339,41,16,2.56
72,0.355,31,16,1.94
73,0.371,24,16,1.5
74,0.387,37,16,2.31
75,0.403,24,16,1.5
76,0.419,36,15,2.25
77,0.434,44,17,2.75
78,0.451,28,16,1.65
79,0.467,35,16,2.33
80,0.483,49,15,3.06
81,0.498,14,16,0.88
82,0.514,36,16,2.25
83,0.53,28,16,1.75
84,0.546,75,16,4.69
85,0.562,63,16,3.71
86,0.578,39,17,2.29
87,0.595,52,16,3.47
88,0.611,48,16,3
89,0.627,59,15,3.69
90,0.642,69,16,4.06
91,0.658,71,19,4.44
92,0.677,72,16,3.79
93,0.693,75,18,4.69
94,0.711,82,18,4.56
95,0.729,94,18,5.22
96,0.747,91,19,5.35
97,0.766,85,17,5
98,0.783,165,19,9.71
99,0.802,124,19,6.89
100,0.821,115,18,5.75
101,0.839,96,21,5.33
102,0.86,89,21,4.68
103,0.881,47,20,2.14
104,0.901,52,20,2.48
105,0.921,69,20,3.45
106,0.941,36,18,2.12
107,0.959,47,18,2.61
108,0.977,56,17,3.5
109,0.994,65,17,4.33
110,1.011,48,18,3
111,1.029,35,18,2.06
112,1.047,46,18,2.56
113,1.065,21,17,1.24
114,1.082,66,16,4.13
115,1.098,74,16,4.35
116,1.114,49,18,2.88
117,1.132,52,18,3.47
118,1.15,74,18,4.11
119,1.168,85,19,5.31
120,1.187,92,16,5.41
121,1.203,86,15,5.73
122,1.218,77,14,4.28
123,1.232,64,15,3.76
124,1.247,72,15,4.24
125,1.262,69,14,4.31
126,1.276,53,16,2.94
127,1.292,36,16,2.12
128,1.308,42,14,2.63
129,1.322,59,14,3.28
130,1.336,74,14,4.35
131,1.35,67,14,3.94
132,1.364,82,15,5.86
133,1.379,75,13,3.75
134,1.392,68,13,4
135,1.405,55,15,3.24
136,1.42,84,14,4.42
137,1.434,69,14,4.06
138,1.448,72,14,4.24
139,1.462,98,15,6.13
140,1.477,127,13,7.47
141,1.49,76,14,5.07
142,1.504,84,13,5.6
143,1.517,75,16,5
144,1.533,87,14,5.44
145,1.547,0,14,0
146,1.561,0,15,0
147,1.576,0,13,0
148,1.589,0,12,0
149,1.601,0,13,0
150,1.614,96,13,7.38
151,1.627,82,13,6.31
152,1.64,91,14,7.58
153,1.654,84,14,7
154,1.668,76,16,5.85
155,1.684,98,14,7
156,1.698,88,16,7.33
157,1.714,42,16,3
158,1.73,101,14,7.21
159,1.744,95,14,7.31
160,1.758,84,16,6
161,1.774,27,15,2.25
162,1.789,48,17,3.69
163,1.806,39,15,2.79
164,1.821,56,15,4
165,1.836,68,16,4.86
166,1.852,71,16,5.07
167,1.868,79,16,4.94
168,1.884,83,16,6.38
169,1.9,34,17,2.43
170,1.917,38,15,2.92
171,1.932,46,15,2.88
172,1.947,52,16,3.71
173,1.963,38,15,2.71
174,1.978,51,14,3.92
175,1.992,44,14,3.14
176,2.006,41,16,3.15
177,2.022,39,14,3
178,2.036,21,13,1.75
179,2.049,35,15,2.5
180,2.064,26,13,1.86
181,2.077,44,14,3.14
182,2.091,36,14,2.77
183,2.105,59,13,5.36
184,2.118,69,13,5.31
185,2.131,56,14,4.31
186,2.145,34,13,2.62
187,2.158,25,15,1.92
188,2.173,21,14,1.4
189,2.187,18,14,1.29
190,2.201,15,15,1.15
191,2.216,14,15,0.93
192,2.231,9,15,0.6
193,2.246,8,15,0.57
194,2.261,10,15,0.67
195,2.276,13,15,0.93
196,2.291,9,14,0.64
197,2.305,8,14,0.62
198,2.319,9,14,0.64
199,2.333,10,13,0.77
200,2.346,10,13,0.83
201,2.359,9,12,0.64
202,2.371,7,13,0.58
203,2.384,24,15,1.71
204,2.399,36,13,2.77
205,2.412,44,15,3.38
206,2.427,54,14,3.6
207,2.441,14,14,1
208,2.455,9,14,0.64
209,2.469,8,15,0.62
210,2.484,5,15,0.33
211,2.499,2,15,0.15
212,2.514,14,15,1
213,2.529,11,16,0.79
214,2.545,9,15,0.6
215,2.56,8,16,0.57
216,2.576,15,15,1
217,2.591,8,15,0.53
218,2.606,7,14,0.5
219,2.62,8,14,0.5
220,2.634,3,15,0.2
221,2.649,5,16,0.36
222,2.665,4,15,0.27
223,2.68,18,15,1.2
224,2.695,17,15,1.21
225,2.71,26,14,1.86
226,2.724,19,15,1.46
227,2.739,14,14,1
228,2.753,21,14,1.91
229,2.767,8,14,0.57
230,2.781,7,13,0.58
231,2.794,11,14,0.92
232,2.808,15,11,1.07
233,2.819,19,11,1.73
234,2.83,8,11,0.62
235,2.841,5,15,0.5
236,2.856,7,12,0.58
237,2.868,8,14,0.73
238,2.882,15,14,1.07
239,2.896,11,12,1
240,2.908,9,12,0.69
241,2.92,12,16,0.86
242,2.936,28,15,2.33
243,2.951,32,15,2.46
244,2.966,16,14,1.14
245,2.98,24,16,1.71
246,2.996,16,14,
247,3.01,15,14,
248,3.024,18,17,1.2
249,3.041,22,14,1.38
250,3.055,21,15,1.62
251,3.07,18,16,1.13
252,3.086,17,15,1
253,3.101,16,17,0.94
254,3.118,29,16,2.07
255,3.134,23,17,1.53
256,3.151,27,17,1.59
257,3.168,21,17,1.31
258,3.185,19,16,1.27
259,3.201,17,17,1
260,3.218,21,18,1.31
261,3.236,18,18,1.2
262,3.254,21,16,1.31
263,3.27,24,15,1.5
264,3.285,12,16,0.8
265,3.301,19,16,1.19
266,3.317,18,16,1.29
267,3.333,14,17,1.08
268,3.35,13,15,0.93
269,3.365,14,16,0.93
270,3.381,15,9,1.36
271,3.39,12,12,1.09
272,3.402,8,11,0.67
273,3.413,12,11,0.92
274,3.424,9,11,0.9
275,3.435,14,10,1.17
276,3.445,9,10,0.75
277,3.455,10,10,0.91
278,3.465,18,11,1.5
279,3.476,17,9,1.42
280,3.485,21,10,1.62
281,3.495,17,12,1.31
282,3.507,14,12,1.08
283,3.519,21,12,1.75
284,3.531,18,11,1.38
285,3.542,15,11,1.25
286,3.553,17,11,1.31
287,3.564,5,10,0.38
288,3.574,7,11,0.54
289,3.585,4,12,0.27
290,3.597,8,12,0.62
291,3.609,9,13,0.64
292,3.622,8,13,0.57
293,3.635,14,12,1.17
294,3.647,16,14,1.07
295,3.661,15,12,1.07
296,3.673,12,12,0.86
297,3.685,18,11,1.2
298,3.696,17,13,1.55
299,3.709,24,13,1.71
300,3.722,25,11,1.79
301,3.733,4,13,0.27
302,3.746,7,14,0.5
303,3.76,8,13,0.53
304,3.773,9,14,0.56
305,3.787,10,14,0.67
306,3.801,17,13,1.06
307,3.814,21,13,1.24
308,3.827,32,15,2.13
309,3.842,24,13,1.71
310,3.855,17,13,1.42
311,3.868,21,12,1.31
312,3.88,7,12,0.5
313,3.892,8,12,0.57
314,3.904,9,13,0.64
315,3.917,12,11,0.86
316,3.928,11,12,0.79
317,3.94,18,11,1.2
318,3.951,21,11,1.5
319,3.962,17,10,1.21
320,3.972,15,12,1.15
321,3.984,21,10,1.5
322,3.994,36,11,2.57
323,4.005,25,11,1.92
324,4.016,50,11,3.57
325,4.027,47,11,2.94
326,4.038,36,12,2.77
327,4.05,40,10,2.86
328,4.06,38,12,2.92
329,4.072,31,11,2.21
330,4.083,27,14,1.8
331,4.097,21,15,1.4
332,4.112,25,15,1.79
333,4.127,31,16,2.07
334,4.143,29,16,2.07
335,4.159,36,16,2.57
336,4.175,25,17,1.67
337,4.192,21,16,1.5
338,4.208,42,17,3
339,4.225,32,17,2.67
340,4.242,16,17,1.33
341,4.259,15,17,1.07
342,4.276,17,15,1.31
343,4.291,18,16,1.5
344,4.307,13,14,
345,4.321,12,16,
346,4.337,12,14,
347,4.351,13,15,
348,4.366,16,13,1.23
349,4.379,15,17,1.15
350,4.396,10,14,0.77
351,4.41,12,15,0.92
352,4.425,21,13,1.75
353,4.438,25,15,1.92
354,4.453,23,15,1.92
355,4.468,21,14,1.62
356,4.482,11,14,1
357,4.496,10,13,0.77
358,4.509,8,11,0.57
359,4.52,6,18,0.38
360,4.538,5,14,0.42
361,4.552,8,14,0.57
362,4.566,5,15,0.33
363,4.581,8,14,0.5
364,4.595,9,14,0.64
365,4.609,28,15,1.87
366,4.624,18,15,1.13
367,4.639,15,15,0.88
368,4.654,12,14,0.75
369,4.668,10,13,0.59
370,4.681,11,15,0.73
371,4.696,14,15,1
372,4.711,16,17,1.07
373,4.728,13,17,0.81
374,4.745,12,16,0.75
375,4.761,21,14,1.24
376,4.775,18,13,1.06
377,4.788,10,16,0.67
378,4.804,12,15,0.75
379,4.819,9,13,0.64
380,4.832,8,15,0.62
381,4.847,6,14,0.46
382,4.861,8,15,0.53
383,4.876,27,12,1.59
384,4.888,16,15,1.23
385,4.903,19,14,1.27
386,4.917,21,12,1.5
387,4.929,20,13,1.18
388,4.942,18,13,1.38
389,4.955,15,14,1.15
390,4.969,11,16,0.61
391,4.985,19,18,1.19
392,5.003,21,14,1.24
393,5.017,36,13,2.4
394,5.03,39,16,3
395,5.046,15,14,0.88
396,5.06,8,16,0.53
397,5.076,4,16,0.22
398,5.092,7,17,0.41
399,5.109,21,15,1.62
400,5.124,43,13,2.87
401,5.137,45,17,3.21
402,5.154,49,16,3.06
403,5.17,48,15,2.82
404,5.185,36,12,2.25
405,5.197,34,14,2.62
406,5.211,25,12,2.27
407,5.223,39,13,2.29
408,5.236,32,16,1.88
409,5.252,21,16,1.17
410,5.268,10,17,0.71
411,5.285,9,16,0.6
412,5.301,11,16,0.73
413,5.317,5,15,0.38
414,5.332,9,15,0.53
415,5.347,11,15,0.69
416,5.362,7,14,0.5
417,5.376,8,13,0.5
418,5.389,16,15,1
419,5.404,10,14,0.56
420,5.418,9,14,0.9
421,5.432,8,15,0.67
422,5.447,10,14,0.67
423,5.461,14,15,1.08
424,5.476,15,16,1.36
425,5.492,36,17,2.4
426,5.509,25,16,1.79
427,5.525,32,15,2.13
428,5.54,86,16,6.14
429,5.556,81,18,6.75
430,5.574,78,15,4.88
431,5.589,72,16,4.8
432,5.605,48,14,3.2
433,5.619,64,17,4.92
434,5.636,48,17,3
435,5.653,45,17,3.21
436,5.67,36,17,2.4
437,5.687,25,18,1.67
438,5.705,21,15,1.75
439,5.72,49,15,3.27
440,5.735,8,16,0.57
441,5.751,4,15,0.33
442,5.766,14,17,0.93
443,5.783,19,13,1.27
444,5.796,0,14,0
445,5.81,0,15,0
446,5.825,0,15,0
447,5.84,0,14,0
448,5.854,17,16,1.42
449,5.87,15,15,1
450,5.885,12,15,1
451,5.9,9,12,0.69
452,5.912,11,13,0.79
453,5.925,11,13,0.85
454,5.938,10,12,0.77
455,5.95,12,15,0.75
456,5.965,11,13,0.73
457,5.978,9,13,0.69
458,5.991,44,14,2.93
459,6.005,39,12,2.79
460,6.017,36,15,2.4
461,6.032,24,14,1.85
462,6.046,63,15,3.5
463,6.061,45,14,3.21
464,6.075,10,15,0.67
465,6.09,24,15,1.5
466,6.105,21,13,1.62
467,6.118,36,14,2.4
468,6.132,42,17,2.47
469,6.149,48,16,2.67
470,6.165,36,16,2.77
471,6.181,42,14,2.63
472,6.195,52,15,3.06
473,6.21,84,15,5.25
474,6.225,96,14,6.4
475,6.239,61,16,3.59
476,6.255,73,11,5.62
477,6.266,74,12,4.63
478,6.278,101,13,6.31
479,6.291,98,12,7
480,6.303,85,12,7.73
481,6.315,79,13,7.9
482,6.328,69,12,5.75
483,6.34,56,12,5.09
484,6.352,65,11,5
485,6.363,75,13,6.82
486,6.376,72,12,5.54
487,6.388,68,12,6.18
488,6.4,65,12,5
489,6.412,59,11,4.92
490,6.423,58,12,4.83
491,6.435,45,13,3.46
492,6.448,36,11,3
493,6.459,23,12,1.92
494,6.471,14,12,1.17
495,6.483,19,13,1.73
496,6.496,21,12,1.62
497,6.508,36,13,3.27
498,6.521,45,12,3.75
499,6.533,15,14,1.25
500,6.547,10,13,0.71
501,6.56,9,13,0.69
502,6.573,8,14,0.67
503,6.587,5,14,0.42
504,6.601,7,16,0.5
505,6.617,19,13,1.36
506,6.63,21,14,1.62
507,6.644,26,14,1.86
508,6.658,21,15,1.31
509,6.673,20,13,1.43
510,6.686,18,14,1.5
511,6.7,21,16,1.5
512,6.716,26,15,2.17
513,6.731,28,14,2.15
514,6.745,64,14,4.92
515,6.759,58,17,4.46
516,6.776,39,14,2.79
517,6.79,27,14,2.08
518,6.804,25,14,1.79
519,6.818,24,15,2
520,6.833,31,13,2.82
521,6.846,34,13,2.62
522,6.859,31,12,2.21
523,6.871,32,12,2.46
524,6.883,36,14,2.77
525,6.897,48,13,4.36
526,6.91,20,14,1.67
527,6.924,15,12,1.15
528,6.936,64,12,4.92
529,6.948,72,13,6
530,6.961,69,13,5.31
531,6.974,64,11,5.82
532,6.985,76,13,7.6
533,6.998,73,12,5.62
534,7.01,125,12,10.42
535,7.022,119,13,11.9
536,7.035,132,12,11
537,7.047,121,13,11
538,7.06,175,13,14.58
539,7.073,187,14,15.58
540,7.087,146,13,12.17
541,7.1,127,12,9.07
542,7.112,108,16,8.31
543,7.128,95,14,7.31
544,7.142,0,13,0
545,7.155,0,15,0
546,7.17,0,14,0
547,7.184,88,13,5.87
548,7.197,91,14,5.69
549,7.211,86,14,7.17
550,7.225,75,16,4.17
551,7.241,60,15,3.75
552,7.256,62,14,3.88
553,7.27,65,14,4.64
554,7.284,74,16,5.29
555,7.3,75,13,5
556,7.313,65,15,4.06
557,7.328,43,14,2.87
558,7.342,37,15,2.64
559,7.357,35,14,2.5
560,7.371,45,15,2.81
561,7.386,97,14,6.93
562,7.4,75,14,5.77
563,7.414,64,13,4.27
564,7.427,42,14,3.23
565,7.441,57,14,3.8
566,7.455,84,12,6.46
567,7.467,98,13,6.53
568,7.48,145,15,10.36
569,7.495,108,12,9
570,7.507,122,12,10.17
571,7.519,104,12,6.93
572,7.531,96,14,8
573,7.545,81,11,6.75
574,7.556,75,12,6.82
575,7.568,84,13,7
576,7.581,79,14,5.64
577,7.595,68,12,5.23
578,7.607,56,13,4
579,7.62,35,15,2.5
580,7.635,27,12,2.08
581,7.647,30,12,2.5
582,7.659,32,13,2.13
583,7.672,28,13,2.15
584,7.685,31,14,2.07
585,7.699,33,12,2.2
586,7.711,29,13,1.93
587,7.724,21,13,1.62
588,7.737,34,13,2.13
589,7.75,30,13,2.31
590,7.763,22,13,1.57
591,7.776,72,14,4.8
592,7.79,85,14,5.31
593,7.804,90,14,6
594,7.818,94,15,5.53
595,7.833,104,14,8
596,7.847,96,16,6.86
597,7.863,68,14,4.86
598,7.877,75,13,5
599,7.89,87,13,6.21
600,7.903,119,15,7.93
601,7.918,101,15,7.21
602,7.933,105,18,7
603,7.951,96,16,6.4
604,7.967,74,16,4.93
605,7.983,82,17,5.86
606,8,85,19,5.31
607,8.019,87,18,5.8
608,8.037,92,17,6.13
609,8.054,93,16,5.47
610,8.07,98,16,5.76
611,8.086,104,17,6.5
612,8.103,97,17,6.47
613,8.12,65,15,3.82
614,8.135,75,17,4.17
615,8.152,105,16,6.56
616,8.168,98,15,5.76
617,8.183,85,15,5.31
618,8.198,71,13,4.18
619,8.211,92,15,5.41
620,8.226,104,13,6.93
621,8.239,105,13,6.56
622,8.252,101,14,6.73
623,8.266,152,14,10.13
624,8.28,189,12,14.54
625,8.292,149,13,10.64
626,8.305,121,16,8.64
627,8.321,98,13,6.53
628,8.334,89,15,6.85
629,8.349,74,14,4.93
630,8.363,66,14,4.13
631,8.377,54,17,3
632,8.394,21,17,1.11
633,8.411,14,16,0.88
634,8.427,12,15,0.71
635,8.442,9,20,0.45
636,8.462,7,16,0.37
637,8.478,5,18,0.31
638,8.496,8,16,0.44
639,8.512,9,18,0.56
640,8.53,10,18,0.59
641,8.548,8,19,0.44
642,8.567,6,18,0.35
643,8.585,0,18,0
644,8.603,0,17,0
645,8.62,5,20,0.28
646,8.64,7,18,0.39
647,8.658,7,17,0.39
648,8.675,9,16,0.53
649,8.691,10,15,0.59
650,8.706,8,18,0.62
651,8.724,7,16,0.41
652,8.74,21,17,1.5
653,8.757,11,18,0.69
654,8.775,32,17,2.13
655,8.792,21,13,1.31
656,8.805,12,14,0.63
657,8.819,12,17,0.86
658,8.836,18,16,1.13
659,8.852,21,11,1.4
660,8.863,19,18,1.19
661,8.881,21,16,1.62
662,8.897,54,16,3.18
663,8.913,62,16,4.43
664,8.929,75,19,5
665,8.948,85,14,4.72
666,8.962,101,17,6.73
667,8.979,95,16,6.33
668,8.995,85,18,5.67
669,9.013,79,17,4.39
670,9.03,72,18,4.5
671,9.048,78,18,5.57
672,9.066,71,21,4.44
673,9.087,80,17,6.15
674,9.104,73,19,4.06
675,9.123,79,19,4.94
676,9.142,72,17,4
677,9.159,81,19,4.76
678,9.178,74,18,4.35
679,9.196,80,17,4.71
680,9.213,85,17,4.47
681,9.23,88,19,4.89
682,9.249,91,19,5.35
683,9.268,81,18,4.5
684,9.286,86,19,4.78
685,9.305,89,19,4.94
686,9.324,92,18,5.75
687,9.342,82,15,4.82
688,9.357,87,16,5.12
689,9.373,108,15,7.71
690,9.388,121,15,8.07
691,9.403,97,13,6.93
692,9.416,96,13,6.86
693,9.429,95,15,6.79
694,9.444,85,15,6.07
695,9.459,78,12,5.2
696,9.471,70,14,4.67
697,9.485,66,14,4.13
698,9.499,59,14,3.93
699,9.513,56,14,3.5
700,9.527,49,14,3.27
701,9.541,52,12,3.47
702,9.553,48,14,3.2
703,9.567,60,15,3.75
704,9.582,104,14,6.5
705,9.596,97,14,6.47
706,9.61,85,14,6.07
707,9.624,68,17,4.25
708,9.641,75,16,4.69
709,9.657,114,17,7.6
710,9.674,95,17,5.59
711,9.691,78,16,4.88
712,9.707,68,19,3.78
713,9.726,51,17,2.83
714,9.743,50,16,2.78
715,9.759,25,17,1.47
716,9.776,85,14,4.72
717,9.79,79,16,4.65
718,9.806,68,16,4
719,9.822,47,15,2.61
720,9.837,39,10,3.25
721,9.847,17,11,1.31
722,9.858,21,9,1.91
723,9.867,15,12,1.25
724,9.879,21,12,1.75
725,9.891,86,12,7.17
726,9.903,60,10,5
727,9.913,21,11,1.5
728,9.924,56,11,5.09
729,9.935,43,11,3.58
730,9.946,45,11,3.75
731,9.957,57,11,5.7
732,9.968,44,10,4
733,9.978,46,10,4.6
734,9.988,42,10,4.2
735,9.998,38,10,3.45
736,10.008,36,11,3.6
737,10.019,27,10,2.45
738,10.029,21,11,1.75
739,10.04,18,11,1.8
740,10.051,38,11,3.45
741,10.062,23,9,2.09
742,10.071,45,10,4.5
743,10.081,78,8,7.09
744,10.089,87,11,7.91
745,10.1,101,10,10.1
746,10.11,124,8,11.27
747,10.118,98,11,9.8
748,10.129,78,9,7.8
749,10.138,48,9,4.8
750,10.147,53,12,5.3
751,10.159,145,10,13.18
752,10.169,89,11,8.09
753,10.18,75,11,7.5
754,10.191,58,11,5.27
755,10.202,56,11,4.31
756,10.213,49,12,4.45
757,10.225,47,12,4.7
758,10.237,124,11,12.4
759,10.248,117,12,10.64
760,10.26,108,11,10.8
761,10.271,121,12,9.31
762,10.283,124,11,11.27
763,10.294,154,13,12.83
764,10.307,147,13,13.36
765,10.32,193,12,17.55
766,10.332,187,13,15.58
767,10.345,175,11,13.46
768,10.356,189,11,18.9
769,10.367,187,11,18.7
770,10.378,178,12,22.25
771,10.39,192,9,19.2
772,10.399,195,13,19.5
773,10.412,187,13,17
774,10.425,201,11,15.46
775,10.436,187,10,15.58
776,10.446,141,12,11.75
777,10.458,175,10,14.58
778,10.468,194,10,21.56
779,10.478,214,12,23.78
780,10.49,180,8,18
781,10.498,106,8,13.25
782,10.506,85,10,8.5
783,10.516,114,10,12.67
784,10.526,101,9,9.18
785,10.535,98,11,8.91
786,10.546,81,10,8.1
787,10.556,98,12,10.89
788,10.568,115,8,11.5
789,10.576,97,8,8.82
790,10.584,101,10,10.1
791,10.594,77,9,7
792,10.603,95,9,8.64
793,10.612,84,9,9.33
794,10.621,78,8,7.09
795,10.629,65,10,5.91
796,10.639,83,11,7.55
797,10.65,80,9,8.89
798,10.659,92,8,9.2
799,10.667,73,8,8.11
800,10.675,57,10,5.7
801,10.685,49,10,4.45
802,10.695,50,9,5
803,10.704,57,11,5.18
804,10.715,60,9,6
805,10.724,62,8,6.89
806,10.732,56,9,5.09
807,10.741,43,10,5.38
808,10.751,45,8,5.63
809,10.759,57,8,7.13
810,10.767,44,6,6.29
811,10.773,46,6,7.67
812,10.779,42,5,10.5
813,10.784,38,7,6.33
814,10.791,36,6,5.14
815,10.797,30,6,5
816,10.803,21,5,3
817,10.808,21,8,3
818,10.816,0,6,0
819,10.822,0,7,0
820,10.829,0,5,0
821,10.834,0,6,0
822,10.84,0,7,0
823,10.847,0,6,0
824,10.853,0,6,0
825,10.859,0,7,0
826,10.866,0,5,0
827,10.871,0,5,0
828,10.876,0,7,0
829,10.883,0,9,0
830,10.892,0,6,0
831,10.898,21,7,4.2
832,10.905,18,8,3
833,10.913,14,6,2
834,10.919,15,5,2.5
835,10.924,17,7,3.4
836,10.931,10,6,1.67
837,10.937,21,7,4.2
838,10.944,26,6,4.33
839,10.95,27,6,5.4
840,10.956,21,6,3
841,10.962,18,6,3
842,10.968,15,6,2.5
843,10.974,10,5,2
844,10.979,5,6,0.83
845,10.985,2,6,0.25
846,10.991,9,6,1.29
847,10.997,8,6,0.89
848,11.003,3,6,0.5
849,11.009,7,4,1.17
850,11.013,8,6,1.14
851,11.019,5,5,0.83
852,11.024,8,6,1.33
853,11.03,9,6,1.29
854,11.036,11,5,1.83
855,11.041,10,5,1.43
856,11.046,11,4,2.2
857,11.05,11,4,1.57
858,11.054,10,4,1.43
859,11.058,11,5,1.83
860,11.063,10,4,1.67
861,11.067,9,6,1.13
862,11.073,8,5,1.14
863,11.078,5,5,0.71
864,11.083,7,5,1.17
865,11.088,5,6,1
866,11.094,4,6,0.5
867,11.1,1,5,0.14
868,11.105,2,4,0.22
869,11.109,5,5,0.71
870,11.114,7,6,1.4
871,11.12,4,5,0.8
872,11.125,5,4,0.83
873,11.129,8,5,1.6
874,11.134,5,5,1
875,11.139,4,5,0.57
876,11.144,6,4,1.2
877,11.148,7,5,1.17
878,11.153,7,4,1.17
879,11.157,5,5,0.83
880,11.162,7,3,1.75
881,11.165,4,4,0.8
882,11.169,4,5,0.8
883,11.174,5,5,0.83
884,11.179,4,4,0.67
885,11.183,8,6,2
886,11.189,5,4,0.71
887,11.193,10,6,1.67
888,11.199,2,5,0.33
889,11.204,1,4,0.17
890,11.208,11,5,1.83
891,11.213,10,6,1.43
892,11.219,7,4,1.4
893,11.223,4,5,0.8
894,11.228,5,5,1
895,11.233,6,6,1
896,11.239,9,5,1.5
897,11.244,6,6,1.2
898,11.25,8,6,0.89
899,11.256,5,7,0.71
900,11.263,8,11,0.89
901,11.274,7,11,0.88
902,11.285,5,12,0.56
903,11.297,4,12,0.4
904,11.309,7,14,0.64
905,11.323,8,15,0.73
906,11.338,5,19,0.42
907,11.357,6,19,0.55
908,11.376,7,17,0.64
909,11.393,7,18,0.54
910,11.411,6,18,0.5
911,11.429,8,17,0.73
912,11.446,7,16,0.58
913,11.462,7,16,0.58
914,11.478,5,18,0.31
915,11.496,5,17,0.38
916,11.513,7,17,0.37
917,11.53,4,17,0.29
918,11.547,4,14,0.21
919,11.561,2,17,0.12
920,11.578,1,16,0.06
921,11.594,0,15,0
922,11.609,3,16,0.2
923,11.625,4,16,0.29
924,11.641,2,16,0.17
925,11.657,1,15,0.08
926,11.672,2,14,0.15
927,11.686,4,14,0.33
928,11.7,2,15,0.15
929,11.715,1,15,0.07
930,11.73,4,18,0.25
931,11.748,5,22,0.33
932,11.77,6,18,0.32
933,11.788,4,21,0.24
934,11.809,0,21,0
935,11.83,0,19,0
936,11.849,0,21,0
937,11.87,0,22,0
938,11.892,0,24,0
939,11.916,8,25,0.38
940,11.941,9,20,0.47
941,11.961,7,23,0.29
942,11.984,8,23,0.4
943,12.007,8,24,0.36
944,12.031,8,22,0.38
945,12.053,7,23,0.39
946,12.076,5,24,0.24
947,12.1,4,21,0.24
948,12.121,1,24,0.05
949,12.145,2,22,0.1
950,12.167,8,20,0.47
951,12.187,5,19,0.26
952,12.206,6,22,0.3
953,12.228,7,22,0.39
954,12.25,11,21,0.55
955,12.271,10,19,0.59
956,12.29,7,19,0.41
957,12.309,7,18,0.41
958,12.327,6,17,0.33
959,12.344,7,21,0.41
960,12.365,8,16,0.47
961,12.381,5,17,0.28
962,12.398,7,15,0.35
963,12.413,8,17,0.47
964,12.43,9,17,0.53
965,12.447,10,15,0.53
966,12.462,11,16,0.55
967,12.478,12,16,0.63
968,12.494,15,16,0.79
969,12.51,10,16,0.59
970,12.526,10,17,0.53
971,12.543,7,16,0.39
972,12.559,9,16,0.47
973,12.575,8,17,0.42
974,12.592,8,14,0.4
975,12.606,6,17,0.32
976,12.623,7,17,0.41
977,12.64,8,16,0.4
978,12.656,15,18,0.71
979,12.674,8,17,0.44
980,12.691,10,17,0.43
981,12.708,7,17,0.33
982,12.725,6,17,0.29
983,12.742,7,20,0.33
984,12.762,6,16,0.27
985,12.778,8,19,0.4
986,12.797,5,19,0.23
987,12.816,2,19,0.11
988,12.835,7,19,0.33
989,12.854,5,18,0.24
990,12.872,6,5,1
991,12.877,3,5,0.5
992,12.882,4,5,0.67
993,12.887,1,5,0.14
994,12.892,2,5,0.33
995,12.897,5,5,0.63
996,12.902,8,5,1.33
997,12.907,9,5,1.29
998,12.912,10,5,1.67
999,12.917,11,4,1.57
1000,12.921,10,5,1.43
1001,12.926,8,5,1.14
1002,12.931,7,5,1
1003,12.936,5,5,0.71
1004,12.941,7,6,1.17
1005,12.947,8,5,1
1006,12.952,4,7,0.57
1007,12.959,7,6,0.88
1008,12.965,8,5,1
1009,12.97,4,6,0.57
1010,12.976,5,8,0.63
1011,12.984,9,5,1.13
1012,12.989,8,6,0.89
1013,12.995,5,6,0.63
1014,13.001,7,5,0.78
1015,13.006,8,5,0.8
1016,13.011,9,7,1
1017,13.018,8,5,1
1018,13.023,7,5,0.88
1019,13.028,8,6,0.89
1020,13.034,5,3,1.25
1021,13.037,4,4,2
1022,13.041,4,2,1
1023,13.043,5,3,1.67
1024,13.046,3,4,0.75
1025,13.05,6,4,3
1026,13.054,1,3,0.25
1027,13.057,2,3,0.67
1028,13.06,5,4,1.67
1029,13.064,7,3,2.33
1030,13.067,5,4,1.67
1031,13.071,8,3,2
1032,13.074,9,4,3
1033,13.078,8,4,2.67
1034,13.082,0,4,0
1035,13.086,0,3,0
1036,13.089,0,4,0
1037,13.093,0,3,0
1038,13.096,0,4,0
1039,13.1,7,3,2.33
1040,13.103,4,4,1.33
1041,13.107,8,3,2
1042,13.11,5,3,1.67
1043,13.113,9,3,2.25
1044,13.116,8,3,2.67
1045,13.119,6,3,3
1046,13.122,4,4,1
1047,13.126,2,3,0.67
1048,13.129,0,3,0
1049,13.132,0,4,0
1050,13.136,2,3,0.67
1051,13.139,0,3,0
1052,13.142,0,2,0
1053,13.144,1,3,0.33
1054,13.147,0,4,0
1055,13.151,5,3,1.67
1056,13.154,0,3,0
1057,13.157,0,4,0
1058,13.161,0,3,0
1059,13.164,0,4,0
1060,13.168,0,3,0
1061,13.171,15,3,3.75
1062,13.174,12,3,4
1063,13.177,10,4,2.5
1064,13.181,9,3,3
1065,13.184,6,4,2
1066,13.188,3,3,1
1067,13.191,11,3,2.75
1068,13.194,21,3,7
1069,13.197,36,4,12
1070,13.201,21,3,5.25
1071,13.204,40,3,20
1072,13.207,19,4,6.33
1073,13.211,28,3,9.33
1074,13.214,32,4,8
1075,13.218,40,2,13.33
1076,13.22,24,4,8
1077,13.224,32,3,8
1078,13.227,21,3,5.25
1079,13.23,18,4,6
1080,13.234,24,3,8
1081,13.237,30,3,10
1082,13.24,32,4,10.67
1083,13.244,24,2,8
1084,13.246,17,3,5.67
1085,13.249,25,3,8.33
1086,13.252,23,3,7.67
1087,13.255,15,3,5
1088,13.258,10,3,3.33
1089,13.261,9,2,3
1090,13.263,8,3,2.67
1091,13.266,2,3,0.67
1092,13.269,0,3,0
1093,13.272,0,4,0
1094,13.276,2,3,0.67
1095,13.279,1,3,0.33
1096,13.282,0,3,0
1097,13.285,0,4,0
1098,13.289,1,3,0.25
1099,13.292,0,3,0
1100,13.295,5,3,1.25
1101,13.298,3,4,1
1102,13.302,4,3,1
1103,13.305,2,3,0.67
1104,13.308,1,3,0.25
1105,13.311,0,3,0
1106,13.314,0,3,0
1107,13.317,0,3,0
1108,13.32,0,3,0
1109,13.323,0,4,0
1110,13.327,0,6,0
1111,13.333,0,6,0
1112,13.339,0,6,0
1113,13.345,0,6,0
1114,13.351,3,6,0.6
1115,13.357,2,6,0.4
1116,13.363,1,6,0.2
1117,13.369,0,6,0
1118,13.375,2,6,0.4
1119,13.381,1,5,0.25
1120,13.386,2,6,0.4
1121,13.392,4,6,0.8
1122,13.398,2,6,0.4
1123,13.404,0,6,0
1124,13.41,0,6,0
1125,13.416,0,6,0
1126,13.422,1,6,0.2
1127,13.428,2,6,0.4
1128,13.434,4,5,0.8
1129,13.439,5,6,1.25
1130,13.445,6,6,1.2
1131,13.451,7,6,1.75
1132,13.457,8,5,2
1133,13.462,0,6,0
1134,13.468,0,5,0
1135,13.473,0,5,0
1136,13.478,0,6,0
1137,13.484,0,5,0
1138,13.489,0,6,0
1139,13.495,6,5,1.2
1140,13.5,9,7,1.29
1141,13.507,7,8,0.88
1142,13.515,9,8,1.29
1143,13.523,12,8,1.5
1144,13.531,14,7,1.56
1145,13.538,15,8,1.88
1146,13.546,10,7,1.43
1147,13.553,8,7,1
1148,13.56,11,9,1.38
1149,13.569,14,7,1.75
1150,13.576,14,7,2.33
1151,13.583,21,8,2.63
1152,13.591,17,7,2.13
1153,13.598,7,8,1
1154,13.606,9,7,1.5
1155,13.613,5,8,0.63
1156,13.621,9,6,1.29
1157,13.627,10,7,1.43
1158,13.634,1,8,0.14
1159,13.642,6,6,1
1160,13.648,7,9,1
1161,13.657,5,7,0.71
1162,13.664,4,7,0.57
1163,13.671,4,6,0.57
1164,13.677,3,7,0.43
1165,13.684,4,7,0.5
1166,13.691,2,7,0.29
1167,13.698,2,7,0.29
1168,13.705,5,6,0.83
1169,13.711,8,7,1.14
1170,13.718,4,7,0.67
1171,13.725,3,7,0.43
1172,13.732,15,8,2.14
1173,13.74,10,7,1.25
1174,13.747,21,8,3
1175,13.755,30,9,4.29
1176,13.764,20,7,2.86
1177,13.771,15,8,1.67
1178,13.779,10,8,1.25
1179,13.787,8,7,1.14
1180,13.794,9,8,1.29
1181,13.802,5,8,0.63
1182,13.81,7,7,0.78
1183,13.817,8,8,1
1184,13.825,9,8,1
1185,13.833,9,8,1.13
1186,13.841,8,8,0.89
1187,13.849,5,7,0.63
1188,13.856,6,9,0.75
1189,13.865,7,7,1
1190,13.872,13,8,1.63
1191,13.88,10,7,1.25
1192,13.887,8,8,1
1193,13.895,7,8,0.88
1194,13.903,8,8,1.14
1195,13.911,11,7,1.38
1196,13.918,21,7,2.63
1197,13.925,10,8,1.43
1198,13.933,9,6,1.29
1199,13.939,5,7,0.63
1200,13.946,8,7,1.14
1201,13.953,9,7,1.5
1202,13.96,0,7,0
1203,13.967,0,8,0
1204,13.975,0,7,0
1205,13.982,0,7,0
1206,13.989,0,8,0
1207,13.997,0,7,0
1208,14.004,0,8,0
1209,14.012,0,7,0
1210,14.019,0,7,0
1211,14.026,0,6,0
1212,14.032,0,8,0
1213,14.04,0,8,0
1214,14.048,0,7,0
1215,14.055,0,7,0
1216,14.062,0,7,0
1217,14.069,0,8,0
1218,14.077,0,8,0
1219,14.085,0,7,0
1220,14.092,0,9,0
1221,14.101,0,7,0
1222,14.108,0,7,0
1223,14.115,0,8,0
1224,14.123,0,7,0
1225,14.13,0,7,0
1226,14.137,0,8,0
1227,14.145,0,6,0
1228,14.151,0,8,0
1229,14.159,0,7,0
1230,14.166,0,6,0
1231,14.172,0,5,0
1232,14.177,0,7,0
1233,14.184,0,6,0
1234,14.19,0,4,0
1235,14.194,0,5,0
1236,14.199,0,6,0
1237,14.205,0,4,0
1238,14.209,0,7,0
1239,14.216,0,4,0
1240,14.22,0,5,0
1241,14.225,0,4,0
1242,14.229,0,5,0
1243,14.234,0,4,0
1244,14.238,0,4,0
1245,14.242,0,5,0
1246,14.247,0,5,0
1247,14.252,0,6,0
1248,14.258,0,4,0
1249,14.262,0,5,0
1250,14.267,0,5,0
1251,14.272,0,4,0
1252,14.276,0,4,0
1253,14.28,0,5,0
1254,14.285,0,5,0
1255,14.29,0,4,0
1256,14.294,0,5,0
1257,14.299,0,4,0
1258,14.303,0,5,0
1259,14.308,0,4,0
1260,14.312,0,6,0
1261,14.318,0,6,0
1262,14.324,0,5,0
1263,14.329,0,5,0
1264,14.334,0,6,0
1265,14.34,0,5,0
1266,14.345,0,5,0
1267,14.35,0,6,0
1268,14.356,0,6,0
1269,14.362,0,5,0
1270,14.367,0,5,0
1271,14.372,0,4,0
1272,14.376,0,5,0
1273,14.381,0,6,0
1274,14.387,0,5,0
1275,14.392,0,5,0
1276,14.397,0,5,0
1277,14.402,0,5,0
1278,14.407,0,6,0
1279,14.413,0,6,0
1280,14.419,0,5,0
1281,14.424,0,5,0
1282,14.429,0,4,0
1283,14.433,0,5,0
1284,14.438,0,6,0
1285,14.444,0,4,0
1286,14.448,0,5,0
1287,14.453,0,6,0
1288,14.459,0,4,0
1289,14.463,0,6,0
1290,14.469,0,5,0
1291,14.474,0,5,0
1292,14.479,0,5,0
1293,14.484,0,6,0
1294,14.49,0,7,0
1295,14.497,0,5,0
1296,14.502,0,5,0
1297,14.507,0,6,0
1298,14.513,0,7,0
1299,14.52,0,6,0
1300,14.526,0,5,0
1301,14.531,0,6,0
1302,14.537,0,5,0
1303,14.542,0,6,0
1304,14.548,0,6,0
1305,14.554,0,4,0
1306,14.558,0,7,0
1307,14.565,0,6,0
1308,14.571,0,6,0
1309,14.577,0,5,0
1310,14.582,0,7,0
1311,14.589,0,5,0
1312,14.594,0,7,0
1313,14.601,0,5,0
1314,14.606,0,6,0
1315,14.612,0,6,0
1316,14.618,0,6,0
1317,14.624,0,4,0
1318,14.628,0,6,0
1319,14.634,0,5,0
1320,14.639,0,5,0
1321,14.644,0,5,0
1322,14.649,0,6,0
1323,14.655,0,5,0
1324,14.66,0,6,0
1325,14.666,0,5,0
1326,14.671,0,5,0
1327,14.676,0,4,0
1328,14.68,0,5,0
1329,14.685,0,7,0
1330,14.692,0,4,0
1331,14.696,0,7,0
1332,14.703,0,5,0
1333,14.708,0,7,0
1334,14.715,0,5,0
1335,14.72,0,5,0
1336,14.725,0,5,0
1337,14.73,0,5,0
1338,14.735,0,6,0
1339,14.741,0,5,0
1340,14.746,0,7,0
1341,14.753,0,6,0
1342,14.759,0,5,0
1343,14.764,0,6,0
1344,14.77,0,5,0
1345,14.775,0,6,0
1346,14.781,0,5,0
1347,14.786,0,5,0
1348,14.791,0,5,0
1349,14.796,0,5,0
1350,14.801,0,6,0
1351,14.807,0,6,0
1352,14.813,0,5,0
1353,14.818,0,5,0
1354,14.823,0,5,0
1355,14.828,0,5,0
1356,14.833,0,6,0
1357,14.839,0,6,0
1358,14.845,0,6,0
1359,14.851,0,6,0
1360,14.857,0,4,0
1361,14.861,0,6,0
1362,14.867,0,4,0
1363,14.871,0,6,0
1364,14.877,0,6,0
1365,14.883,0,6,0
1366,14.889,0,6,0
1367,14.895,0,5,0
1368,14.9,0,5,0
1369,14.905,0,6,0
1370,14.911,0,5,0
1371,14.916,0,6,0
1372,14.922,0,5,0
1373,14.927,0,7,0
1374,14.934,0,6,0
1375,14.94,0,5,0
1376,14.945,0,5,0
1377,14.95,0,5,0
1378,14.955,0,6,0
1379,14.961,0,6,0
1380,14.967,0,4,0
1381,14.971,0,6,0
1382,14.977,0,4,0
1383,14.981,0,5,0
1384,14.986,0,6,0
1385,14.992,0,5,0
1386,14.997,0,5,0
1387,15.002,0,5,0
1388,15.007,0,6,0
1389,15.013,0,5,0
1390,15.018,0,6,0
1391,15.024,0,5,0
1392,15.029,0,6,0
1393,15.035,0,5,0
1394,15.04,0,7,0
1395,15.047,0,6,0
1396,15.053,0,5,0
1397,15.058,0,7,0
1398,15.065,0,4,0
1399,15.069,0,5,0
1400,15.074,0,6,0
1401,15.08,0,6,0
1402,15.086,0,5,0
1403,15.091,0,6,0
1404,15.097,0,5,0
1405,15.102,0,7,0
1406,15.109,0,5,0
1407,15.114,0,6,0
1408,15.12,0,6,0
1409,15.126,0,4,0
1410,15.13,0,7,0
1411,15.137,0,5,0
1412,15.142,0,6,0
1413,15.148,0,5,0
1414,15.153,0,7,0
1415,15.16,0,5,0
1416,15.165,0,4,0
1417,15.169,0,6,0
1418,15.175,0,4,0
1419,15.179,0,6,0
1420,15.185,0,6,0
1421,15.191,0,5,0
1422,15.196,0,5,0
1423,15.201,0,6,0
1424,15.207,0,6,0
1425,15.213,0,6,0
1426,15.219,0,6,0
1427,15.225,0,6,0
1428,15.231,0,6,0
1429,15.237,0,4,0
1430,15.241,0,5,0
1431,15.246,0,6,0
1432,15.252,0,5,0
1433,15.257,0,6,0
1434,15.263,0,6,0
1435,15.269,0,5,0
1436,15.274,0,5,0
1437,15.279,0,6,0
1438,15.285,0,5,0
1439,15.29,0,6,0
1440,15.296,0,4,0
1441,15.3,0,6,0
1442,15.306,0,5,0
1443,15.311,0,5,0
1444,15.316,0,6,0
1445,15.322,0,5,0
1446,15.327,0,7,0
1447,15.334,0,5,0
1448,15.339,0,5,0
1449,15.344,8,6,1.33
1450,15.35,4,6,0.67
1451,15.356,5,5,1
1452,15.361,2,6,0.33
1453,15.367,1,4,0.17
1454,15.371,7,5,1.75
1455,15.376,8,6,1.6
1456,15.382,3,6,0.6
1457,15.388,5,6,1
1458,15.394,11,5,1.57
1459,15.399,10,6,1.67
1460,15.405,9,6,1.8
1461,15.411,8,5,1.6
1462,15.416,4,6,0.67
1463,15.422,7,6,1.4
1464,15.428,12,8,2
1465,15.436,10,7,1.67
1466,15.443,12,4,2.4
1467,15.447,10,6,1.67
1468,15.453,13,6,2.17
1469,15.459,14,5,2.33
1470,15.464,13,6,3.25
1471,15.47,12,4,3
1472,15.474,10,5,2.5
1473,15.479,13,5,2.6
1474,15.484,14,4,3.5
1475,15.488,34,4,6.8
1476,15.492,31,5,6.2
1477,15.497,30,4,6
1478,15.501,38,5,7.6
1479,15.506,31,5,6.2
1480,15.511,35,5,7
1481,15.516,33,5,6.6
1482,15.521,27,4,6.75
1483,15.525,25,5,5
1484,15.53,14,5,2.33
1485,15.535,13,5,3.25
1486,15.54,11,6,2.75
1487,15.546,14,5,2.33
1488,15.551,15,5,2.5
1489,15.556,14,4,2.33
1490,15.56,13,4,2.6
1491,15.564,11,5,2.2
1492,15.569,14,5,2.33
1493,15.574,15,6,2.5
1494,15.58,35,5,7
1495,15.585,32,5,6.4
1496,15.59,31,5,5.17
1497,15.595,39,5,9.75
1498,15.6,32,6,6.4
1499,15.606,36,6,7.2
1500,15.612,34,5,6.8
1501,15.617,28,6,5.6
1502,15.623,26,4,6.5
1503,15.627,15,5,3.75
1504,15.632,14,6,2.8
1505,15.638,12,4,2.4
1506,15.642,15,6,3
1507,15.648,16,4,4
1508,15.652,15,5,2.5
1509,15.657,27,5,6.75
1510,15.662,26,6,5.2
1511,15.668,29,4,4.83
1512,15.672,31,5,7.75
1513,15.677,34,5,6.8
1514,15.682,32,5,6.4
1515,15.687,37,5,7.4
1516,15.692,21,4,5.25
1517,15.696,14,5,2.8
1518,15.701,65,6,10.83
1519,15.707,12,5,2.4
1520,15.712,10,5,2
1521,15.717,9,5,1.5
1522,15.722,8,5,1.6
1523,15.727,7,5,1.4
1524,15.732,3,5,0.75
1525,15.737,0,6,0
