"name","group","element","units","context","S668253","S668254","S668256","S668258","S668255","S668259","S668257","S668260","S668261","S668262","S668263","S668264","S668265","S668266","S668267","S668268","S668269","S668270","S668271","S668273","S668272","S668274","S668275","S668276","S668277","S668278","S668279","S668280","S668281","S668282","S668283","S668284","S668285","S668286","S668287","S668288","S668289","S668296","S668290","S668291","S668292","S668293","S668294","S668295","S668297","S668298","S668299","S668300","S668301","S668302","S668310","S668303","S668304","S668305","S668306","S668307","S668308","S668309","S668311","S668312","S668313","S668314","S668315","S668321","S668316","S668317","S668318","S668319","S668320","S668322","S668323","S668324","S668325","S668331","S668326","S668327","S668328","S668329","S668330","S668332","S668333","S668334","S668335","S668336","S668337","S668338","S668339","S668340","S668341","S668342","S668343","S668344","S668345","S668346","S668347","S668356","S668348","S668349","S668355","S668350","S668351","S668352","S668353","S668354","S668357","S668358","S668359","S668367","S668360","S668361","S668362","S668363","S668364","S668365","S668366","S668368","S668369","S668370","S668371","S668378","S668372","S668373","S668374","S668375","S668376","S668377","S668379","S668380","S668389","S668381","S668382","S668383","S668384","S668385","S668386","S668387","S668388","S668390","S668391","S668392","S668393","S668394","S668401","S668395","S668396","S668397","S668398","S668399","S668400","S668402","S668403","S668404","S668405","S668412","S668406","S668407","S668408","S668409","S668410","S668411","S668413","S668414","S668415","S668422","S668416","S668417","S668418","S668419","S668420","S668421","S668423","S668424","S668425","S668426","S668432","S668433","S668427","S668428","S668431","S668429","S668430","S668434","S668435","S668444","S668436","S668443","S668437","S668438","S668439","S668440","S668441","S668442","S668445","S668446","S668448","S668447","S668449","S668450","S668451","S668452","S668453","S668454","S668455","S668458","S668457","S668456","S668459","S668467","S668466","S668461","S668460","S668462","S668469","S668463","S668464","S668465","S668468","S668470","S668471","S668474","S668472","S668473","S668475","S668480","S668477","S668476","S668479","S668478","S668481","S668482","S668483","S668484","S668485","S668486","S668487","S668488","S668489","S668490","S668491","S668492","S668493","S668494","S668495","S668498","S668496","S668497","S668499","S668502","S668500","S668501","S668503","S668504","S668505","S668506","S668507","S668508","S668509","S668510","S668511","S668513","S668512","S668514","S668515","S668516","S668517","S668518","S668519","S668520","S668522","S668521","S668523","S668524","S668525","S668526","S668527","S668528","S668529","S668530","S668531","S668532","S668534","S668533","S668537","S668535","S668536","S668538","S668539","S668540","S668541","S668542","S668543","S668544","S668547","S668545","S668546","S668548","S668551","S668549","S668550","S668552","S668553"
AnalysisUnitName,,,,,,,,,,,,,,,,,,,,,,,,,,,,,,,,,,,,,,,,,,,,,,,,,,,,,,,,,,,,,,,,,,,,,,,,,,,,,,,,,,,,,,,,,,,,,,,,,,,,,,,,,,,,,,,,,,,,,,,,,,,,,,,,,,,,,,,,,,,,,,,,,,,,,,,,,,,,,,,,,,,,,,,,,,,,,,,,,,,,,,,,,,,,,,,,,,,,,,,,,,,,,,,,,,,,,,,,,,,,,,,,,,,,,,,,,,,,,,,,,,,,,,,,,,,,,,,,,,,,,,,,,,,,,,,,,,,,,,,,,,,,,,,,,,,,,,,,,,,,,,,,,
Depth,,,,,0,1,2,3,4,5,6,7,8,9,10,11,12,13,14,15,16,17,18,19,20,21,22,23,24,25,26,27,28,29,30,31,32,33,34,35,36,37,40,44,47,52,60,64,67,69,71,78,80,82,85,87,91,93,95,96,98,105,108,109,112,115,118,121,126,134,138,144,148,152,154,155,157,159,162,167,172,176,177,180,181,182,183,184,185,186,187,188,189,190,191,192,193,198,205,212,221,228,234,237,241,246,253,265,275,279,282,286,289,293,296,303,310,315,321,328,338,344,353,359,366,371,378,384,392,400,410,414,419,424,429,436,443,448,453,460,465,468,473,477,481,484,487,492,498,501,505,507,509,511,514,518,522,526,529,533,536,538,540,545,547,552,554,557,559,561,563,565,568,569,571,573,578,583,587,591,594,596,599,602,607,612,614,617,620,623,624,628,631,635,638,641,644,649,653,656,661,664,666,670,673,675,678,681,686,689,692,696,700,704,706,709,712,717,719,720,728,734,740,746,752,757,762,767,775,783,786,788,793,795,798,804,810,812,815,818,823,826,830,834,839,845,852,861,870,884,890,904,911,920,927,933,938,944,953,959,962,966,970,975,978,982,985,987,990,993,997,1001,1005,1009,1012,1015,1018,1021,1025,1028,1031,1034,1037,1041,1045,1050,1056,1060,1064,1072,1081,1091,1098,1103,1110,1116,1119,1122,1127,1131,1136,1139,1143,1150,1166
Thickness,,,,,,,,,,,,,,,,,,,,,,,,,,,,,,,,,,,,,,,,,,,,,,,,,,,,,,,,,,,,,,,,,,,,,,,,,,,,,,,,,,,,,,,,,,,,,,,,,,,,,,,,,,,,,,,,,,,,,,,,,,,,,,,,,,,,,,,,,,,,,,,,,,,,,,,,,,,,,,,,,,,,,,,,,,,,,,,,,,,,,,,,,,,,,,,,,,,,,,,,,,,,,,,,,,,,,,,,,,,,,,,,,,,,,,,,,,,,,,,,,,,,,,,,,,,,,,,,,,,,,,,,,,,,,,,,,,,,,,,,,,,,,,,,,,,,,,,,,,,,,,,,,
Sample Name,,,,,,,,,,,,,,,,,,,,,,,,,,,,,,,,,,,,,,,,,,,,,,,,,,,,,,,,,,,,,,,,,,,,,,,,,,,,,,,,,,,,,,,,,,,,,,,,,,,,,,,,,,,,,,,,,,,,,,,,,,,,,,,,,,,,,,,,,,,,,,,,,,,,,,,,,,,,,,,,,,,,,,,,,,,,,,,,,,,,,,,,,,,,,,,,,,,,,,,,,,,,,,,,,,,,,,,,,,,,,,,,,,,,,,,,,,,,,,,,,,,,,,,,,,,,,,,,,,,,,,,,,,,,,,,,,,,,,,,,,,,,,,,,,,,,,,,,,,,,,,,,,
Sample ID,,,,,668253,668254,668256,668258,668255,668259,668257,668260,668261,668262,668263,668264,668265,668266,668267,668268,668269,668270,668271,668273,668272,668274,668275,668276,668277,668278,668279,668280,668281,668282,668283,668284,668285,668286,668287,668288,668289,668296,668290,668291,668292,668293,668294,668295,668297,668298,668299,668300,668301,668302,668310,668303,668304,668305,668306,668307,668308,668309,668311,668312,668313,668314,668315,668321,668316,668317,668318,668319,668320,668322,668323,668324,668325,668331,668326,668327,668328,668329,668330,668332,668333,668334,668335,668336,668337,668338,668339,668340,668341,668342,668343,668344,668345,668346,668347,668356,668348,668349,668355,668350,668351,668352,668353,668354,668357,668358,668359,668367,668360,668361,668362,668363,668364,668365,668366,668368,668369,668370,668371,668378,668372,668373,668374,668375,668376,668377,668379,668380,668389,668381,668382,668383,668384,668385,668386,668387,668388,668390,668391,668392,668393,668394,668401,668395,668396,668397,668398,668399,668400,668402,668403,668404,668405,668412,668406,668407,668408,668409,668410,668411,668413,668414,668415,668422,668416,668417,668418,668419,668420,668421,668423,668424,668425,668426,668432,668433,668427,668428,668431,668429,668430,668434,668435,668444,668436,668443,668437,668438,668439,668440,668441,668442,668445,668446,668448,668447,668449,668450,668451,668452,668453,668454,668455,668458,668457,668456,668459,668467,668466,668461,668460,668462,668469,668463,668464,668465,668468,668470,668471,668474,668472,668473,668475,668480,668477,668476,668479,668478,668481,668482,668483,668484,668485,668486,668487,668488,668489,668490,668491,668492,668493,668494,668495,668498,668496,668497,668499,668502,668500,668501,668503,668504,668505,668506,668507,668508,668509,668510,668511,668513,668512,668514,668515,668516,668517,668518,668519,668520,668522,668521,668523,668524,668525,668526,668527,668528,668529,668530,668531,668532,668534,668533,668537,668535,668536,668538,668539,668540,668541,668542,668543,668544,668547,668545,668546,668548,668551,668549,668550,668552,668553
Gil-Romera et al. 2019,Calibrated radiocarbon years BP,,,,--/-66/--,--/-62/--,--/-57/--,--/-53/--,--/-49/--,--/-45/--,--/-41/--,--/-36/--,--/-32/--,--/-28/--,--/-24/--,--/-20/--,--/-16/--,--/-11/--,--/-7/--,--/-3/--,--/1/--,--/5/--,--/9/--,--/14/--,--/18/--,--/22/--,--/26/--,--/30/--,--/34/--,--/38/--,--/43/--,--/47/--,--/51/--,--/55/--,--/59/--,--/60/--,--/61/--,--/63/--,--/64/--,--/65/--,--/66/--,--/67/--,--/71/--,--/76/--,--/79/--,--/85/--,--/94/--,--/170/--,--/228/--,--/265/--,--/304/--,--/436/--,--/473/--,--/511/--,--/567/--,--/605/--,--/679/--,--/714/--,--/746/--,--/763/--,--/796/--,--/925/--,--/976/--,--/993/--,--/1043/--,--/1093/--,--/1140/--,--/1187/--,--/1263/--,--/1388/--,--/1444/--,--/1524/--,--/1574/--,--/1630/--,--/1659/--,--/1672/--,--/1701/--,--/1734/--,--/1778/--,--/1855/--,--/1934/--,--/1996/--,--/2011/--,--/2057/--,--/2069/--,--/2083/--,--/2097/--,--/2111/--,--/2125/--,--/2139/--,--/2151/--,--/2166/--,--/2180/--,--/2195/--,--/2211/--,--/2226/--,--/2242/--,--/2316/--,--/2409/--,--/2505/--,--/2631/--,--/2723/--,--/2787/--,--/2820/--,--/2867/--,--/2948/--,--/3067/--,--/3273/--,--/3402/--,--/3450/--,--/3485/--,--/3536/--,--/3575/--,--/3622/--,--/3665/--,--/3760/--,--/3864/--,--/3933/--,--/4005/--,--/4093/--,--/4244/--,--/4340/--,--/4473/--,--/4549/--,--/4657/--,--/4735/--,--/4841/--,--/4934/--,--/5047/--,--/5175/--,--/5335/--,--/5397/--,--/5471/--,--/5538/--,--/5610/--,--/5709/--,--/5807/--,--/5880/--,--/5948/--,--/6038/--,--/6106/--,--/6147/--,--/6224/--,--/6280/--,--/6333/--,--/6365/--,--/6399/--,--/6456/--,--/6524/--,--/6560/--,--/6616/--,--/6644/--,--/6673/--,--/6702/--,--/6744/--,--/6801/--,--/6855/--,--/6908/--,--/6946/--,--/6994/--,--/7030/--,--/7055/--,--/7080/--,--/7157/--,--/7187/--,--/7269/--,--/7301/--,--/7355/--,--/7390/--,--/7424/--,--/7457/--,--/7488/--,--/7530/--,--/7545/--,--/7571/--,--/7593/--,--/7650/--,--/7704/--,--/7753/--,--/7802/--,--/7841/--,--/7869/--,--/7907/--,--/7944/--,--/8015/--,--/8088/--,--/8115/--,--/8156/--,--/8193/--,--/8231/--,--/8245/--,--/8294/--,--/8333/--,--/8398/--,--/8453/--,--/8505/--,--/8559/--,--/8646/--,--/8710/--,--/8759/--,--/8839/--,--/8888/--,--/8923/--,--/8998/--,--/9053/--,--/9088/--,--/9147/--,--/9203/--,--/9295/--,--/9348/--,--/9395/--,--/9457/--,--/9518/--,--/9583/--,--/9614/--,--/9670/--,--/9725/--,--/9814/--,--/9852/--,--/9868/--,--/9963/--,--/10036/--,--/10101/--,--/10164/--,--/10224/--,--/10276/--,--/10326/--,--/10381/--,--/10471/--,--/10545/--,--/10569/--,--/10588/--,--/10626/--,--/10643/--,--/10668/--,--/10717/--,--/10768/--,--/10779/--,--/10800/--,--/10818/--,--/10848/--,--/10863/--,--/10890/--,--/10914/--,--/10943/--,--/10979/--,--/11018/--,--/11071/--,--/11129/--,--/11196/--,--/11226/--,--/11323/--,--/11431/--,--/11593/--,--/11698/--,--/11792/--,--/11877/--,--/11992/--,--/12158/--,--/12260/--,--/12315/--,--/12389/--,--/12463/--,--/12556/--,--/12615/--,--/12695/--,--/12759/--,--/12802/--,--/12867/--,--/12883/--,--/12902/--,--/12924/--,--/12947/--,--/12970/--,--/12990/--,--/13008/--,--/13027/--,--/13042/--,--/13055/--,--/13063/--,--/13073/--,--/13082/--,--/13092/--,--/13104/--,--/13116/--,--/13131/--,--/13151/--,--/13165/--,--/13178/--,--/13205/--,--/13234/--,--/13264/--,--/13286/--,--/13302/--,--/13324/--,--/13359/--,--/13379/--,--/13397/--,--/13425/--,--/13447/--,--/13474/--,--/13490/--,--/13518/--,--/13574/--,--/13700/--
Acacia,TRSH,pollen,NISP,,,,,,,,,,,,,,,,,,,,,,,,,,,,,,,,,,,,,,,,,,,,,,,,,,,,,,,,,,,,,,,,,3,2,2,,,,,,,,,,,,,,,,,,,,,,,,,,,,,,,,,,,,,,,,,,,,,,,,,,,,,,,,,,,2,1,2,4,5,,,,,,,,,,,,,,,,,,,,,,,,,,,,,,,,,,,,,,,,,,,,,,,,,,,,,,,,,,,1,,,,,,,,,,,,,,2,,,,,,,,,,,,,,,,,,,,,2,,,,,,,,,,,,,,,,,,,1,,,,,,,1,2,1,3,,,,,,,,,1,,,,,,,,,,,,,,,,,,,,,,,,,,,,,,,,,,,,,,,,
Acalypha,UPHE,pollen,NISP,,,1,,2,1,,,,2,1,2,2,,,,2,2,,2,1,1,1,1,,,2,1,1,1,1,2,,1,,,,,,,,,,,,,,,,2,,,,,,,,,,,,,,,,,,1,,,,,,,,,,,,,,,,,,,,,,1,,,,,,,,,,,,,,,,,,,,1,,,,,,,,,,,,,,,,,,1,,,,,,,,,,,,,,,,2,,,,,,,,,,,,,,,,,,,,,1,,,,,,,,,,,,,,,,,,,,,,,,,,,,,,1,,,,,,,,,,,,,,,,2,,,,,,,,,,,,,,,,,,1,,,,,,,,,,,,,,,,,2,,,,,,,,,,,,,,,,,,,,,,,,,,,,,,,,,,2,,,,,,,,,,,,,,2,,,,,,,,2
Acanthus,UPHE,pollen,NISP,,,1,,2,1,,1,2,,1,,1,2,,1,1,2,1,2,,,2,1,,2,,1,2,1,2,1,1,1,,,1,1,1,1,,1,,,,1,,,1,,,,1,1,,,,,,1,,,1,,,,1,,1,,,,1,1,1,1,,,,,,,1,,,,,,1,,,1,,1,,1,,,,,1,1,,,,1,1,1,1,,,,1,1,1,,1,1,,,1,,,1,1,1,1,,1,,,,,1,1,,1,,,,1,1,,,,1,1,,,1,,1,1,,1,1,,1,,1,,,,1,,1,1,,1,,1,1,1,1,1,1,1,,,1,1,1,1,1,,,1,,1,1,,1,,1,,1,1,,,,1,1,1,,1,,1,1,,1,,1,,1,1,1,,,1,1,1,,,1,1,,,1,1,1,1,1,1,,,,,1,,1,1,,1,,,,1,,1,1,1,1,,,,,1,1,1,,,1,1,1,1,,,,,,,1,,,,,,,,,,,1,,,1,1,,,1,1,1,,,1,1,,1,1,1,,1
Alchemilla,UPHE,pollen,NISP,,7,6,11,6,10,11,2,7,6,5,11,4,3,10,7,5,10,6,7,9,10,2,4,5,5,7,6,7,10,2,9,7,,8,9,4,,8,6,6,7,3,10,10,4,10,2,,10,8,2,7,10,5,1,4,3,8,1,10,9,10,12,10,19,21,18,5,12,11,1,7,11,,3,7,1,7,6,12,9,3,3,9,11,7,8,5,4,1,12,3,2,8,5,12,8,3,1,9,8,12,2,,1,4,12,7,9,9,11,5,10,7,,12,2,10,6,3,1,9,12,3,3,10,,8,4,5,7,6,9,10,4,7,2,3,3,11,2,11,4,1,10,9,12,6,10,2,1,5,9,1,6,5,11,7,2,3,9,9,6,11,8,,12,,9,3,10,9,5,7,4,,8,6,7,8,3,6,7,4,1,7,7,3,2,8,6,1,5,5,6,5,8,,3,8,4,5,2,8,,3,5,7,2,7,1,1,1,8,7,7,6,7,,8,8,6,1,8,4,7,2,3,7,3,4,3,1,7,5,,1,,6,6,7,7,3,3,8,3,5,1,6,7,3,1,3,5,6,8,14,15,8,11,12,6,11,18,7,15,7,9,16,8,17,13,1,5,6,5,4,3,4,,1,1,1,3,5,6,4,3,,4,3,,,3,4,2,1,4,4,3,
Alchornea,TRSH,pollen,NISP,,,2,2,2,1,2,2,2,1,,2,,1,1,,2,2,2,,,,,1,2,1,2,1,1,1,,,,,,,,,,,,,1,,,,,,,,,,1,,,,,,,,,,,,,,1,,,,,,,,,,,1,1,,,,,,,,,,1,1,1,1,,,,,,,,,1,,,,,,,,,,,,,,,,,,,,,,,,1,,,,,1,,,,,,,,,1,,,,,,,,,,,,,,,,,,,,,,,,,,,,,,,,,,,,,,,1,,,,,,,,,,,,,,1,,,,,,,,,,,,,,,,,,,,,,,,,,,,,,,,,,,,,,,,,,,,,,,,,,,,,,,,,,,,,,,,,,,,,,,,,,,,,,,,,,,,,,,,,,,,,,,,,,,,,,,,,,,,,,
Allophylus,TRSH,pollen,NISP,,,,,,,,,,,,,,,,,,,,,,,,,,,,,,,,,,,,,,,,,,,,,,,,,,,,,,,,,,,,,,,,,,,,,,,,,,,,,,,,,,,,,,,,,,,,,,,,,,,,,,,,2,4,5,2,1,2,1,5,2,,,,,,,,,,,,,,,,,,,,,,,,,,,,,,,,,,,,,,,,,,,,,,,,,,,,,,,,,,,,,,,,,,,,,,,,,,,,,,,,,,,,,,,,,,,,,,,,,,,,,,,,,,,,,,,,,,,,,,,,,,,,,,,,,,,,,,,,,,,,,,,,,,,,,,,,,,,,,,,,,,,,,,,,,,,,,,,,,,,,,,,,,,,,,,
Aloe,SUCC,pollen,NISP,,1,,2,2,1,,,1,,2,2,,1,1,1,2,2,2,2,1,,2,1,,,2,1,2,1,1,1,1,2,,2,1,1,,,,1,1,,,,1,1,2,1,1,,2,1,2,,,,2,,1,,1,,2,1,2,2,2,1,2,1,2,1,2,,1,2,,,2,1,,,,,,,,,,2,1,,,,,,,,,,1,2,,,,,,,1,,,,,,,,,,,2,,,,,,,,,,,,,,,,,,,,,,,,,,,,,,,,,,,,,,1,,,,,,,,,,,,,,,,,,,,,,,,,,,,,,,,,,,,,,,,,,,,1,,,,,,,,,,,,,,,,,1,,,,,,,,,,,,,,,1,,,,,,,,,,,,,,,,,,,,1,,,,,,,,,,,,,,,,,,,,,,,,,,,,1,,,,,,,,,,,,,,,,,,1
Amaranthaceae,UPHE,pollen,NISP,,32,11,19,11,17,9,20,11,10,11,16,18,15,10,12,14,16,14,10,15,14,14,12,16,14,18,9,15,19,12,14,19,16,11,6,20,9,15,10,6,7,10,14,19,14,5,3,1,2,,3,3,,3,5,4,6,13,14,9,11,13,8,5,6,4,3,4,2,3,1,7,8,7,6,5,5,7,7,7,5,5,5,5,8,8,5,5,7,4,7,5,5,4,7,5,6,6,7,4,5,4,4,8,4,6,5,5,8,5,4,6,4,5,5,6,8,11,6,8,14,8,3,16,21,5,12,10,10,11,4,1,3,4,,5,1,4,5,,4,1,3,5,5,1,,1,4,1,,1,4,,,4,,2,1,1,4,2,2,2,3,2,5,,5,1,5,,2,,1,3,1,4,4,3,3,5,1,,5,4,3,5,1,3,,5,5,4,2,,4,4,4,3,,4,5,3,3,,1,2,2,5,2,2,4,,4,1,7,19,18,15,1,7,4,13,12,30,17,22,41,44,15,16,45,40,45,35,21,22,27,26,23,37,38,44,24,15,31,17,33,45,23,44,29,37,37,34,33,19,21,34,29,33,27,17,34,25,40,44,28,15,32,43,23,103,105,125,131,134,136,118,136,110,120,106,131,133,99,128,108,144,90,127,101,111,94,108,98,97,125,108,92
Anthospermum,UPHE,pollen,NISP,,7,5,10,6,3,7,5,5,7,6,6,4,9,5,9,11,9,3,7,7,3,3,11,2,6,2,6,2,5,4,10,1,3,1,8,6,9,7,5,3,7,10,3,4,7,9,6,6,5,7,9,3,1,9,7,6,1,,1,3,7,3,9,10,9,,2,6,9,3,10,10,4,8,2,7,10,3,2,6,5,3,6,,7,3,2,9,3,2,,8,8,11,2,10,5,9,,7,12,8,9,2,3,6,9,3,6,9,,,,9,7,,8,3,,,5,8,9,3,4,3,7,3,6,5,7,,2,9,6,9,5,8,,12,23,18,10,11,14,6,7,13,24,9,18,8,15,8,6,25,7,22,15,11,8,23,25,7,6,10,16,25,12,11,5,25,12,18,7,17,14,7,22,9,17,16,9,14,10,8,7,2,5,13,8,24,12,24,9,6,19,12,6,23,7,17,21,17,24,13,12,17,8,15,22,22,19,10,6,2,11,9,9,4,4,3,1,13,3,14,15,9,9,,,,4,13,2,1,,1,1,1,2,2,,1,2,1,1,,2,1,,,,,1,2,2,1,,,2,,1,2,1,1,,2,,1,,,,,1,1,,2,,1,1,2,1,2,2,1,,,2,,1,1,1,,2,2,2,2,1,,
Anthyllis,UPHE,pollen,NISP,,,,3,5,5,4,3,4,2,5,5,5,5,,1,4,,5,,1,2,4,1,2,3,5,5,5,3,1,3,1,1,1,,1,,1,,,,,,,1,,,,1,,1,1,1,1,,,1,1,1,1,,1,,,,,,,1,,1,1,,,,1,1,,1,1,1,1,1,1,,,1,,,,1,,,,1,,,,,,,,,,1,1,,,,1,,1,,1,1,,,1,1,,1,1,1,1,1,1,,,1,,1,,,,1,1,1,1,1,,,1,1,1,,1,1,1,,1,,1,,,,1,1,1,1,,1,1,1,,,1,1,1,,1,,,1,1,,1,1,,1,1,,,1,,,1,,1,,1,,1,,1,,,,1,1,1,1,,1,1,,,1,,,1,,1,,1,1,1,1,1,,,,,1,1,,,1,,1,,1,1,,1,1,1,1,,1,,1,1,1,1,1,,,1,,1,,,1,1,,,1,1,1,1,,,,1,1,1,,,,1,1,,,1,1,1,,1,1,1,1,1,,,1,1,1,1,1,,,1,,,1,,,1,1,,1
Apiaceae,UPHE,pollen,NISP,,4,9,8,9,2,9,8,8,,3,7,8,6,2,9,9,2,8,,7,6,8,,7,7,3,2,8,,1,5,3,5,7,2,7,3,3,,2,,3,3,4,4,3,3,8,2,4,5,,3,1,1,7,3,8,3,4,5,5,1,3,5,3,4,3,8,,1,2,8,10,3,3,10,3,1,,8,3,,6,4,9,9,2,5,8,8,2,10,12,,2,,13,1,3,3,10,4,11,9,3,3,1,1,11,12,5,2,6,7,3,9,11,10,2,9,14,2,5,14,8,4,10,14,13,8,3,7,,7,6,6,13,15,4,8,4,13,9,7,1,3,9,6,7,15,6,8,3,,13,9,12,1,11,6,9,10,2,15,6,12,6,5,14,12,7,6,14,8,6,11,2,12,9,2,1,5,11,12,10,1,6,11,14,1,2,4,,,1,2,3,3,4,3,3,5,1,2,3,3,4,4,5,,2,1,1,,1,2,1,3,4,,,,1,3,5,2,5,5,,1,5,2,1,3,2,,2,3,,,2,4,,4,1,4,2,,,1,5,1,,1,2,,2,3,2,3,,4,5,4,4,5,3,1,,5,,4,2,5,2,4,3,2,3,,4,3,2,3,4,5,,3,,4,,2,,5,1,2,3,2,2,2
Artemisia,UPHE,pollen,NISP,,3,1,3,4,2,4,5,1,2,3,1,5,,5,,5,,,4,3,3,1,1,3,2,1,5,1,4,,,,,4,,2,4,2,5,4,,5,3,3,,4,4,,2,4,,2,3,1,1,2,2,2,4,3,1,,1,5,4,5,3,4,1,5,,4,3,3,2,2,5,,3,3,,,2,3,1,,,4,3,5,4,,,1,4,4,,4,3,4,1,4,,2,4,,2,4,2,2,3,24,21,25,15,17,19,21,19,22,22,25,17,2,2,7,,1,6,7,7,5,9,8,5,1,7,5,7,8,9,1,,3,4,7,5,9,12,4,4,1,4,,5,,,5,5,5,,3,,1,4,4,3,1,5,1,1,5,3,,3,1,2,2,4,,5,,3,3,4,,4,2,3,1,3,2,,3,,4,5,4,5,,1,1,2,4,1,5,5,5,4,1,2,1,4,2,3,1,8,8,20,5,10,13,8,9,4,15,19,3,9,14,14,20,18,19,13,4,4,19,,8,4,29,30,27,20,30,26,26,28,34,21,23,33,30,23,25,10,12,12,9,32,8,11,12,5,9,10,7,8,10,11,16,8,9,12,11,8,9,2,3,8,6,1,6,8,19,20,16,5,21,14,11,8,17,18,15,12,,5,17,21
Asphodelus,UPHE,pollen,NISP,,9,,,,,,,,,,,,,,,,,,,,,,,,,,,,,,,,,,,,,,,,,,,,,,,,,,,,,,,,,,,,,,,,,,,,,,,,,,,,,,,,,,,,,,,,,,,,,,,,,,,,,,,,,,,,,,,,,,,,,,,,,,,,,,,,,,,,,,,,,,,,,,,,,,,,,,,,,,,,,,,,,,,,,,,,,,,,,,,,,,,,,,,,,,,,,,,,,,,,,,,,,,,,,,,,,,,,,,,,,,,,,,,,,,,,,,,,,,,,,,,,,,,,,,,,,,,,,,,,,,,,,,,,,,,,,,,,,,,,,,,,,,,,,,,,,,,,,,,,,,,,
Aster,UPHE,pollen,NISP,,1,4,5,4,5,4,4,2,5,1,2,,5,,1,3,,3,5,2,1,5,,1,2,2,1,,1,2,2,,1,2,2,,,,2,1,,2,2,,1,,,1,,1,,,1,1,2,,2,,2,,1,,,1,1,1,1,,1,1,,,2,,,,1,1,2,2,1,2,2,1,2,1,1,2,2,,,2,2,1,1,,,1,,,1,,,1,1,1,1,,,1,,2,1,,1,2,2,,2,1,2,,2,1,,,,2,1,1,1,1,2,2,2,,,1,,,2,1,,2,,1,1,1,1,2,2,1,1,,1,1,1,1,,,,,1,1,,,2,,2,,1,2,1,1,1,1,2,2,1,2,2,2,,1,1,,2,1,,1,,,,1,2,2,1,1,2,1,1,,1,2,1,1,1,,,,2,1,2,2,,2,2,1,,,,2,,1,1,,1,2,,,1,1,1,,,1,1,,1,2,,,1,1,2,2,,1,1,,2,2,1,1,2,1,,,,1,2,1,1,,1,,1,1,1,2,1,1,1,2,1,1,,,2,,,1,,1,,2,1,,2,,1,1,,,1,1,2,1,,2,
Asteraceae,UPHE,pollen,NISP,,,,2,4,5,,5,2,1,5,1,8,3,5,1,1,3,5,18,21,19,15,14,21,15,21,16,17,17,15,18,16,8,9,21,17,21,7,18,20,4,5,18,23,5,3,3,4,3,16,10,13,5,13,8,8,7,8,16,12,7,14,13,3,10,13,1,1,7,9,14,,9,2,12,11,1,16,11,2,8,16,6,16,1,,17,5,15,15,3,5,3,5,8,9,4,10,3,12,17,15,17,15,4,16,15,,2,14,1,3,2,15,11,13,3,14,1,16,7,30,6,23,32,29,30,30,19,6,17,20,32,19,29,9,5,2,15,27,24,21,25,31,6,9,6,7,24,27,3,28,31,25,24,22,13,32,11,4,24,5,,29,3,,5,1,2,3,11,11,8,6,8,2,5,19,4,11,12,18,3,11,4,14,12,11,13,2,15,14,9,17,3,11,11,13,4,4,9,,16,5,3,13,13,14,2,17,16,18,,9,,17,19,8,6,17,21,7,15,18,16,20,16,11,20,9,15,14,18,20,12,19,6,7,13,20,19,11,18,11,19,14,9,11,11,20,9,6,10,14,16,8,6,10,19,13,13,10,11,9,20,15,18,14,20,10,4,4,4,9,4,12,8,9,5,3,8,6,9,5,5,8,4,11,8,,8,10,12,11,3,14,13,35,33,16,14
Asteroideae,UPHE,pollen,NISP,,16,21,11,7,27,8,9,15,28,11,20,7,22,22,9,18,15,8,17,28,6,21,7,17,28,18,8,11,20,14,21,13,18,7,3,11,16,16,3,19,13,4,18,21,17,9,14,10,7,13,17,23,4,7,9,13,1,10,6,,22,13,1,12,,7,2,19,15,18,2,4,1,4,2,2,5,2,3,,4,2,4,3,3,3,2,1,3,4,4,4,2,1,2,1,2,,,3,,1,1,1,2,2,5,,2,5,5,5,5,10,9,3,8,7,8,16,4,15,3,11,6,2,6,1,13,6,5,14,10,9,5,14,4,,3,3,1,4,5,4,1,3,4,,3,2,5,5,2,2,1,4,4,1,2,3,5,3,4,,10,10,2,7,12,14,12,,4,2,8,8,8,12,12,4,4,5,13,6,9,6,13,13,13,13,12,12,13,12,14,12,10,11,10,15,13,11,10,12,12,12,12,14,14,12,12,13,15,11,15,11,15,21,18,22,22,23,21,22,23,19,23,21,22,18,19,16,20,19,19,22,17,15,20,19,20,18,15,22,23,17,21,19,17,15,23,23,17,20,16,15,19,16,17,16,17,15,19,23,21,18,15,22,19,19,23,13,4,8,10,22,8,4,23,8,2,16,24,8,7,6,5,4,4,20,16,23,20,19,13,4,14,20,22,,23
Blepharis,TRSH,pollen,NISP,,,2,,1,,2,2,,1,2,1,1,1,,1,1,1,,1,2,2,1,1,1,,2,1,1,2,1,,1,,,1,,1,1,,,,,,1,1,1,,1,1,,,1,1,1,1,1,1,1,,1,1,1,,,1,,,,1,1,,1,,1,1,,,1,1,,,1,1,1,,1,,,1,,,1,1,,1,1,1,1,1,1,1,,1,1,1,,,,1,,,,1,,1,,1,,1,1,,,1,,1,,,,1,,1,1,,1,1,,,,,1,,1,,,,,,1,,1,1,1,1,1,,,,1,1,1,,,,1,,,,1,,1,1,1,1,1,1,,1,1,1,,,1,,1,1,1,1,1,,,,1,1,,1,1,,,1,,1,1,1,,1,,,,,1,,1,,,1,,,1,,,1,,,1,,,,1,1,,1,,,,,1,1,,1,,,,,,1,,1,1,1,1,1,1,,1,1,1,1,1,,1,,,,1,1,,,1,1,,1,1,,,1,1,1,1,1,1,1,1,,1,,1,1,,,1,,1,,,1,,,1,,1,1
Brassicaceae,UPHE,pollen,NISP,,2,5,3,4,,3,5,4,2,2,1,1,3,,3,5,,2,,4,1,2,5,5,4,2,1,,1,2,5,,,1,2,1,,1,2,2,1,2,,,2,1,2,2,2,,2,1,1,,1,1,2,2,,1,2,,2,,1,1,1,2,,,1,1,2,2,2,1,1,,2,1,2,,2,1,,1,1,1,,,2,2,,,1,1,2,2,1,2,,,2,,,2,2,,,1,1,1,1,,2,1,2,1,1,2,2,1,1,2,,2,1,2,2,2,,2,,1,,,1,2,2,1,1,2,2,,2,,1,,1,1,,,2,1,,,2,1,,1,1,2,,2,2,1,1,,1,,1,2,,,2,2,,2,1,1,2,,1,1,1,1,2,,1,,,1,,2,1,,2,2,1,,1,1,,2,2,1,2,,2,1,,2,2,1,2,,,2,1,1,,,2,,2,1,1,2,,,1,,,2,1,1,1,2,,1,1,,1,1,1,,2,1,2,,,,2,,2,1,2,,,1,1,2,2,2,2,1,,,2,2,,2,2,,,2,,,2,1,2,1,2,2,2,,1,1,1,,,,1,,2,,1,1,,1,1
Brucea,TRSH,pollen,NISP,,1,,,,,,,,,,,,,,1,,,,,1,,,,,,,,,,,,,,,,,,,,,,,,,,,,,,,,,,,,,,,,,,,,1,,,,,,,,,,,,,,,,,,,,,,,,,,,,,,,,,,,,,,,,,,,,,,,,,,,,,,,,,,,,,,,,,,,,,,,,,,,,,,,,,,,,,,,,,,,,,,,,,,,,,,,,,,,,,,,,,,,,,,,,,,,,,,,,,,,,,,,,,,,,,,,,,,,,,,,,,,,,,,,,,,,,,,,,,,,,,,,,,,,,,,,,,,,,,,,,,,,,,,,,,,,,,,,,,,,,,,,,,,,,,,,,,,,,,,,,,,,,,
Buxus,TRSH,pollen,NISP,,,,2,2,2,1,,2,1,1,,1,1,,2,1,,,1,,,2,1,2,1,,2,2,,2,,,,,,,,,,,,,,,,,,,,,,,,,,,,,,,,,,,,,,,,,,,,,,,,,,,,,,,,,,,,,,,,,,,,,,,,,,,,,,,,,,,,,,,,,,,,,,,,,,,,,,,,,,,,,,,,,,,,,,,,,,,,,,,,,,,,,,,,,,,,,,,,,,,,,,,,,,,,,,,,,,,,,,,,,,,,,,,,,,,,,,,,,,,,,,,,,,,,,,,,,,,,,,,,,,,,,,,,,,,,,,,,,,,,,,,,,,,,,,,,,,,,,,,,,,,,,,,,,,,,,,,,,,,,,,,
Capparaceae,TRSH,pollen,NISP,,,1,1,,2,2,2,1,1,,,2,2,2,,,2,1,1,,1,2,2,,2,2,1,1,2,,1,,,,,,,,,,,,,,,,,,1,,,,,,,,,,,,,,,,,,,,1,,,,,,,,,2,,,,,,,,1,2,1,,,,,,,,,,,2,2,2,1,1,2,1,2,1,,,,,,,,,,1,1,,,,,,,,,,,,,,,,,,,,,,,,,,,,,,,,1,,,,,,,,,,,,,1,2,1,,,,,,,,,,,,,,,,,,,,,,,,,,,,,,,,1,,,,,,,,,1,,,,,,,,,,1,2,,,,,,,,,,,,,,,2,1,,,,,,,,,,,,,,,,,,,3,,,,,,,,1,,2,,,,,,1,,,,,3,,,,,,,,,,,1,,,1,,,,,,2,,,,,,,,
Carduus,UPHE,pollen,NISP,,8,12,25,11,28,13,11,25,20,15,20,9,9,27,16,14,13,15,9,15,13,22,14,26,18,8,13,28,7,27,24,20,17,26,20,16,24,21,21,25,17,27,26,26,28,19,16,26,27,23,26,23,19,23,26,17,16,19,28,22,25,22,19,22,17,23,27,27,22,19,25,27,16,18,18,26,20,18,26,21,20,19,24,4,4,2,,4,3,,5,4,4,4,1,5,2,4,4,,2,2,5,5,,,,,,,,,,,,,,,,,,,,,,,,,,,,,,,,,,,,,,,,,,,,,,,,,,,,,,,,,,,,,,,,,,,,,,,,,,,,,,,,,,,,,,,,,,,,,,,,,,,,,,,,,,,,,,,,,,,,,,,,,,,,,,,,,,,,,,,,,,,,,,,,,,,,,,,,,,,,,,,,,,,,,,,,,,,,,,,,,,,,,,,,,,,,,,,,,,,,,
Caryophyllaceae,UPHE,pollen,NISP,,2,2,,4,5,2,5,2,4,,3,4,5,3,4,3,,5,5,2,1,,5,2,1,3,,3,2,5,4,1,3,,2,2,4,5,3,2,4,4,1,3,4,4,4,2,3,2,,5,,,2,,3,,,4,3,5,4,,2,5,,3,,5,5,,1,2,,5,,2,,2,3,,1,2,2,5,1,2,5,2,2,3,5,4,,4,1,3,1,2,1,2,1,3,1,2,4,1,2,3,,2,3,4,,,,1,,4,2,4,1,3,3,1,4,2,,4,1,5,3,2,1,5,4,2,4,,1,1,,2,2,4,5,5,1,,,2,,3,,4,3,4,1,5,,4,3,5,1,5,4,1,1,1,5,2,3,3,1,1,3,,1,2,,,5,5,4,1,1,2,4,2,3,5,4,5,,3,2,2,4,,3,2,,3,,3,2,1,3,2,4,4,3,,3,1,3,4,5,4,,1,4,,5,3,3,3,1,5,5,2,3,4,5,,4,2,,3,4,3,,,,4,4,2,1,2,2,3,5,1,5,3,1,3,3,5,5,4,2,,5,4,,4,3,,1,1,3,1,4,1,4,2,1,3,5,5,3,5,4,3,5,,4,,5,,5,,3,3,3,2,1,,
Cassia,TRSH,pollen,NISP,,1,1,1,,1,2,1,,,1,,,2,1,2,1,2,1,1,1,1,2,2,,,1,1,,,,2,1,,2,,,2,,3,1,2,,,,,,,1,,1,,2,,,,,1,,,,,,,2,,,,,,,,,,,,,,,,,,,1,,,,,,,,,,,,,,,,,,,,,,,,,,,,,,,1,,,,,,,,,,,,,,,,,,,,,,,,,,,,,,,1,,,,,,,,,,,,,,,2,,1,,,,,,,,,,,2,,,,,,,,,,,1,1,,,,,,,,,,,,,2,,,,,,1,,,,,,,,,,2,,1,1,2,1,2,1,,,,,,,1,,,2,,,,,,,,,2,1,,,,,,,,,,,,,,,,,,,1,1,,,,,,,,,,,,,2,,,,,,,,1,1,,,,,,,,,,,,,,1,,,,
Celastraceae,TRSH,pollen,NISP,,,2,1,,2,,1,2,,,1,1,2,,2,2,1,,1,2,2,2,2,1,,1,1,,1,,1,,,,,,,,,,,,,,,,,,,,,,,,,,,,,,,,,,,,,,,,,,,,,,,,,,,,,,,,,,,,,,,,,,,,,,,,,,,,,,,,,,,,,,,,,,,,,,,,,,,,,,,,,,,,,,,,,,,,,,,,,,,,,,,,,,,,,,,,,,,,,,,,,,,,,,,,,,,,,,,,,,,,,,,,,,,,,,,,,,,,,,,,,,,,,,,,,,,,,,,,,,,,,,,,,,,,,,,,,,,,,,,,,,,,,,,,,,,,,,,,,,,,,,,,,,,,,,,,,,,,,,,,,,,,,,
Celtis,TRSH,pollen,NISP,,,1,,,1,2,1,,,,1,1,1,,1,1,1,1,2,2,2,,,1,,,,1,1,1,,,,,1,1,,1,,1,,,,,,,,,,1,1,,1,2,1,2,1,1,1,1,1,2,1,2,,,,,,,,,,,,,,,,,,,,,,,,,,,,,,,,,,,,,,,,,,,,,,,1,,,,,,,,,,1,1,1,,,,,,,,,,,,1,1,1,1,1,1,,1,,,,,1,,1,,,,,,,,,,,,,,,,,1,,1,1,1,,,1,,1,,,1,1,,1,1,,1,1,,1,1,,1,,1,,,,1,,,1,,,,1,1,,1,,,1,,,,,,,,,,,,,,,,,,,,,,,,,,,,,,,,,,,,,,,,,,,,,,,,,,,,,,,,,,,,,,,,,,,,,,,,,,,,,,,,,,,,,,,,,,,,
Cichorioideae,UPHE,pollen,NISP,,1,1,3,,3,,2,1,,3,2,5,,1,,,4,,3,3,5,2,4,2,1,1,3,4,1,3,,1,1,5,2,2,1,,,,,,,,,,,,,,,,1,1,2,1,,,,,,,1,,,,,1,1,,,,,1,1,1,,2,1,6,5,2,2,4,4,3,4,1,5,2,6,2,,4,6,2,5,3,6,3,6,1,1,6,6,6,5,5,,1,1,2,4,6,,6,6,,,,,,,,,,,,,,,2,1,1,1,2,1,,,1,,,2,3,5,5,5,,3,,2,3,4,6,3,5,5,,,,,,,,,,,,,,,,,,,,,,,,,,,3,1,5,4,4,4,1,6,4,1,2,5,6,2,5,3,5,6,6,,4,,6,,,1,1,2,6,5,2,4,,3,1,6,4,,6,3,5,5,,5,,,1,,4,2,5,5,1,2,2,3,5,6,2,,1,4,2,6,6,6,,1,4,5,5,2,5,2,4,6,2,6,3,,2,1,3,,2,6,5,,5,2,6,1,,6,4,6,,1,5,,6,5,3,3,4,,6,1,1,,4,5,5,1,6,5,,6
Clematis,UPHE,pollen,NISP,,1,,,,,,,,,,,,,,,,,,1,1,,,,,,,,,,,,2,1,,1,2,1,1,1,1,2,1,2,,,,,,,,,,,,,,,,,,,,,,,,,,,,,,,,,,1,1,,1,,1,1,,,,,,,,,,,,,,,,,,,,,,,,,,,,,,,,,,,,,,,,,,,,,,,,,,,,,,,,,,,1,,,,,,,,1,,,,,,,,,,,,,2,1,2,1,,,,1,,1,,2,2,,1,,1,1,,,,,,,,,,,,,,,,,,,,,,,,,1,1,,1,,1,2,3,1,2,1,2,2,1,,,,,,,,,,,,,,,,,,,,,,,,,,,,,,,,,,,,,,,,,,,,,,,,,,,,,,,,,,,,,,,,,,,,,,,,,,,,,,,,,,,
Combretum,TRSH,pollen,NISP,,2,3,2,,5,,2,3,,2,5,5,5,,3,2,2,,,4,1,4,1,2,2,5,1,1,,,5,4,3,1,,5,,5,3,1,3,,3,5,3,2,2,4,5,2,2,2,5,2,3,4,3,2,4,3,2,1,2,,3,5,5,3,2,,3,3,2,,3,7,8,7,9,8,5,7,7,7,10,8,10,8,7,5,9,6,10,8,8,8,11,13,11,12,13,12,14,14,12,11,14,11,10,15,11,12,12,13,12,10,7,10,10,10,10,7,9,9,3,1,3,1,3,3,1,4,2,,5,4,3,1,,2,1,3,5,4,2,5,2,,,2,3,1,3,2,3,5,5,1,,2,4,3,3,1,3,,2,,4,3,4,1,,4,4,5,1,5,1,3,5,4,2,1,5,,4,1,1,3,4,3,5,2,5,,1,3,2,1,2,5,2,3,,3,,3,4,2,4,5,3,3,6,6,,4,3,2,4,,,1,3,1,2,3,,,5,3,2,,3,5,4,1,,5,5,5,2,,3,,3,,3,3,5,4,1,4,3,3,1,3,2,,,2,1,2,3,3,3,1,1,2,1,,4,1,1,5,5,5,4,,3,5,2,3,5,4,,4,4,1,4,4,4,1,2,5,2,1,4,2,1
Commiphora,TRSH,pollen,NISP,,4,,4,4,1,4,1,1,3,4,,,1,2,2,2,1,2,2,1,2,2,1,1,1,2,,1,1,,2,4,1,1,,4,4,1,1,4,,4,5,2,2,1,1,3,4,4,1,,3,1,4,3,2,2,3,1,3,4,5,1,2,2,4,2,4,,1,2,1,1,5,4,1,2,1,,,,,,,,,,1,,,,,,,,,,,,,,,,,,,,,,,,,,,,1,,,,,,,,,,,,,,,,,,,,,,1,,,,,2,5,2,4,,1,2,5,,,4,5,4,5,2,,4,3,1,3,1,,4,2,1,2,1,5,1,4,1,,,,,,,,,,,,,,,,,,,,,,,,,,,,,,,,,,,,,,,,,,,,,,,,,,,,,,,,,,,,,,,,,,,,,,,,,,,,,,,,,,,,,,,,,,,,,,,,,,,,,,,,,,,,,,,,,,,,,,,,,,,,,,,
Corchorus,UPHE,pollen,NISP,,,1,1,,1,1,,,1,,1,,,,1,,1,1,1,1,1,1,1,1,1,1,,,,1,,,1,,1,1,1,,,1,,1,1,1,,,,1,1,,,1,1,1,,1,,,,1,,,1,1,,,,1,,,,1,,,1,1,1,1,1,1,,,,1,1,,1,1,1,,1,,1,1,1,1,,1,1,1,1,,,,,1,1,,,,,,1,1,,,,1,1,,1,,1,,,1,,,,1,1,1,,1,,,1,1,,1,,,1,,1,1,1,1,1,,,1,,,,,,1,1,1,,,,1,,1,,,1,1,1,,1,,,1,,1,,,,1,1,,1,,,,,1,1,1,1,,,1,,,,,,,1,1,1,,,1,,1,,,,,,,,1,1,,1,,1,1,1,1,,1,1,,1,1,1,1,,,1,,,,1,1,1,1,,1,,,,,,,,,,,,,,,1,1,1,1,,,,,1,,1,,,,,1,,1,1,,1,1,1,1,1,1,1,,,,1,,,,1,,1,1,1,,1
Cussonia,TRSH,pollen,NISP,,,,,,,,,,,,,,,2,5,2,1,1,5,,2,1,,1,2,,,1,2,2,1,4,4,3,2,,1,4,5,4,2,3,5,1,5,3,1,,5,2,,4,4,5,5,5,3,,,3,1,1,,,,,,,,2,,,,,,,,,,,,,,,,,,,,,,,,,,,,,,,,,,,,,,,,,,,,,,,,,,,,,,,,,,,,,,,,,,,,,,2,,,,,,,,,,,,,,,,,,,,,,,,,,,,,,,,,,,,,1,,,,,,,,,,,,,,,,,,,,,,,,,,,1,,,,,,,,,,,,,,,,,,,,,,,,,,,,,,,,,,,,,,,,,,,,,,,,,,,,,,,,,,,,,,,,,,,,,,,,,,,,,,,,,,,,,,,,,,,,,,,,,
Dobera,TRSH,pollen,NISP,,,,,,,,,,,,,2,,1,3,,,3,4,,1,1,1,2,,1,,,1,1,2,5,2,3,2,5,,2,2,4,3,,1,,,,,,,4,2,1,2,1,1,5,1,3,2,2,1,,2,,,,,,,,,,,,,,,,,,,,,,,,,,,,,,,,,,,,,,,,,,,,,,,,,,,,,,,,,,,,,,,,,,,,,,,1,,,,,,,,,,,,,,,1,,,,,,,,,,1,,,,,,,1,,,,,,,,,,,,,,,,,,,,,,,,,,,,,,,,,,,,,,,,,,,,,,,,,,,,,,,,,,,,,2,,,,,,,,,,,,,,,,2,,,,,,,,,,,,,,,,,,,,,,,,,,,,,,,,,,,,,,,,,,,,,,,,,,,,,,,,,,
Dodonaea,TRSH,pollen,NISP,,7,4,9,8,5,9,7,11,10,5,10,9,5,8,11,8,11,4,4,8,7,5,7,6,9,4,9,3,4,8,3,7,6,1,4,1,1,9,3,9,6,,2,10,19,14,16,16,16,16,20,17,14,16,29,25,26,27,26,25,28,9,7,5,6,8,10,8,9,8,7,5,8,7,7,7,5,9,5,10,7,10,6,5,7,7,9,7,8,9,7,10,6,10,6,5,5,10,7,9,7,5,9,5,10,5,10,7,9,8,9,6,10,9,7,10,7,5,9,9,5,5,9,8,5,5,2,5,3,,5,2,2,2,1,1,1,1,,1,,,,2,1,2,1,,,,,,,,,,,,,,,,,,,,,,,,,,,,,,,,,,,,,,,,1,2,1,2,3,2,2,2,1,1,1,1,1,2,1,2,1,2,,,,,,,,,,,,,,,,1,,,,,,,,,,,,,,,,,,,,,,,,,,,,,,,,,2,,,,,,,,,,,,,,,,,,1,,,,,,,,,,,,1,,,,,,,,,,2,,,,,,,,
Ekebergia,TRSH,pollen,NISP,,,2,2,,2,,,,2,2,2,,,1,,,2,,,1,1,,2,,,2,,2,2,,,,,,,,,,,,,1,,,,,,,,,,1,,,,,,,,,,,,,,1,,,,,,,,,,,1,1,,,,,,,,,,1,1,1,1,,,,,,,,,1,,,,,,,,,,,,,,,,,,,,,,,,1,,,,,1,,,,,,,,,1,,,,,,,,,,,,,,,,,,,,,,,,,,,,,,,,,,,,,,,1,,,,,,,,,,,,,,1,,,,,,,,,,,,,,,,,,,,,,,,,,,,,,,,,,,,,,,,,,,,,,,,,,,,,,,,,,,,,,,,,,,,,,,,,,,,,,,,,,,,,,,,,,,,,,,,,,,,,,,,,,,,,,
Ephedra,TRSH,pollen,NISP,,,,1,,1,,1,1,,,1,1,1,1,1,,1,1,1,,1,1,1,1,,,,,1,1,,,1,,,,,,,,,,1,,,,,,,,,,,,,,,,1,,,,,2,,,2,,,,1,,,,,,,2,,,,,2,,1,,,,,1,,,,,1,,,,,,,2,,,,1,,,,5,,,,2,3,5,5,4,1,2,3,5,5,5,,,,,,,,,,,,,,,,,,,,,,,,,,,,,,,,,,,2,5,4,3,4,2,,5,2,4,4,1,1,,,,,,,,,,1,2,4,3,3,5,2,1,4,1,,4,,,,,,,,,2,1,4,3,4,2,3,3,4,3,2,2,2,1,5,,,,,,,2,1,,5,5,2,2,3,2,3,1,3,,4,,4,,,4,1,,,,,,,,,,,,,,,,,,,,,,,,,,2,1,4,,4,3,1,1,7,10,5,10,9,6,6,8,9,7,6,10,7,5,7,6,6,10,5,5,6,5,9,10,8,5,8
Erica,TRSH,pollen,NISP,,21,28,32,14,58,45,78,24,48,45,21,9,11,8,8,5,18,14,4,18,14,11,8,5,9,14,18,25,36,41,42,54,67,21,20,26,35,41,36,21,14,5,5,8,7,14,20,34,19,17,32,28,44,54,65,112,67,47,32,40,48,25,24,36,48,22,18,34,33,25,37,39,31,17,42,38,25,4,10,72,56,30,11,13,36,28,17,21,15,2,4,15,32,5,10,8,19,14,9,12,21,32,26,14,18,21,36,10,8,5,10,22,38,27,49,75,94,42,15,10,17,21,37,42,50,20,37,36,41,28,53,48,36,21,57,64,48,35,52,69,54,48,69,86,185,105,78,114,225,48,37,42,58,36,24,13,22,30,45,150,54,90,78,65,58,69,52,41,25,68,85,36,42,75,98,115,102,94,86,75,58,36,40,78,74,145,94,75,68,119,23,25,37,48,103,75,97,65,50,73,36,105,33,58,29,93,82,85,98,107,89,68,86,75,198,58,78,45,100,31,54,67,94,98,114,51,70,72,102,28,24,60,8,96,87,121,124,76,58,65,48,32,14,4,21,17,8,14,7,6,10,5,17,14,10,9,21,12,10,12,9,18,15,3,11,17,8,10,6,8,11,26,8,19,5,4,9,11,9,10,16,8,7,11,9,18,14,7,5,8,10,8,5,15,9,14,17,21,,,
Euclea,TRSH,pollen,NISP,,1,1,,1,,1,,1,1,1,,,,1,,,1,,,1,,,1,,,,,,,,,1,,1,,1,,,,,,,,,,,,,1,1,1,1,,,,,,,,,,,,,,,,,,,,,,,,,,,,,,,,,,,,,,,,,,,,,,,,,,,,,,,,,,,,,,,,,,,,,,,,,,,,,,,,,,,,,,,,,,,,,,,,,1,1,,1,,2,,1,2,3,2,,1,,,1,1,,,,,,,,,,,,,,,,,,,,,,,,,,,,,,,,,,,,,,,,,,,,,,,,,,,,,,,,,,,,,,,,,,,,,,,,,,,,,,,,,,,,,,,1,4,2,1,4,5,2,2,1,1,2,1,,1,,,,,,,,,,,,,,,,,,,,,,,,,,,,,1,1,,,,,,
Euphorbia,UPHE,pollen,NISP,,1,,2,1,2,2,,2,,1,,1,,1,2,2,,,,2,2,,,1,2,2,1,2,2,1,2,,,,,,2,,,,,,,,,,,,,1,,,,,,,,,,,,2,,,,,,,,,,,,,,1,,,,,,,,,,,,,,,,,,,,,1,,,,,,,,,,,,,,,,,1,,,,,,,,,,,,,,,1,,,,,,,,,,,,,,,,,1,,,,,,,,,,1,,,,,,,,,,,,,,1,,1,1,2,1,3,,,,,2,,,,,,,,,,,,1,,,,,,,,,,,,,2,,,,,,,,,,,,,,1,,,,,,,,,,,2,,,,,,,,,,,,,,,,,,,,,,,,,,,1,,,,,,,,,,,,,,,,1,,,,,,,,,,,,,,,,,,,,,1,,,,,,
Euphorbiaceae,UPHE,pollen,NISP,,2,2,1,1,2,,1,,,2,1,1,1,,2,1,2,2,1,2,2,2,2,1,2,2,,,,2,,,,,,,,,1,,,,,,,,,,1,,,,,,,,,,,,,2,,,,,,,,,,1,,,,,,,,,,,2,,,,,,,,1,,,,,,,1,,,,,,,,,,,,1,,,,,,,,2,,,,,,,,2,,,,,,1,,2,2,2,,,,,,,,,1,1,2,,,,,,,,,,,1,,,,,,2,2,2,2,1,2,,,1,,,2,,,,,,,,,,,,,,,,,,,,,,,,,,,,,,,,,,,,,,,,,,,,,,,,,,,,,,,,,,,,,,,,,,,,,,,,,,,,,,,,,,,,,,,,,,,,,,,,,,,,,,,,,,,,,,,,,,,,,,,,,,,,,,
Fabaceae,UPHE,pollen,NISP,,4,1,2,3,5,4,3,,2,3,5,3,3,1,3,3,3,1,4,1,5,1,4,,4,2,,5,3,4,5,4,1,5,4,5,4,5,,2,,1,5,5,4,1,2,,,1,4,4,2,3,2,3,4,5,,2,4,,1,1,3,4,3,3,4,5,3,,3,4,2,3,5,4,1,5,2,4,5,1,,3,3,4,3,5,2,3,,5,2,5,2,2,3,5,1,5,1,4,4,4,5,1,,,,2,4,1,2,1,3,4,5,,2,,3,1,2,3,1,4,5,2,4,5,5,3,2,5,,3,3,4,,,3,2,2,4,,2,3,3,3,,,5,1,1,3,2,2,,1,2,4,,2,4,5,5,1,5,2,5,,2,3,4,5,,2,4,1,4,,,2,4,5,,2,4,,5,5,,,2,4,1,3,3,5,,2,2,,,1,,4,5,5,2,4,3,2,1,3,4,4,2,3,4,3,4,,4,,2,5,1,1,,3,2,1,3,4,3,5,1,3,4,5,5,1,4,1,,5,1,2,4,5,2,5,3,1,5,2,,,3,1,5,5,,,,2,2,2,5,5,3,5,2,4,3,,,4,3,,1,3,1,,2,3,,5,,1,5,1,,,2,5,2,4
Ficus,TRSH,pollen,NISP,,,,,,,,,,,,,,,,,,,,,,,,,,,,,,,,,,,,,,,,,,,,,,1,,,,,,,,1,,,,,,,,,,,,,,,,1,,,,,,,,,,1,,,,,,,,,,1,,1,2,1,,,,,2,,,,,,,,,,,,,,,,,,,,,,,,,,,,,,,,,,,,,,,,,,,,,,,,,,,,,,,,,,,,,,,,,,,,,,,,,,,,,,,,,,,,,,,,,,,,,,,,,,,,,,,,,,,,,,,,,,,,,,,,,,,,,,,,,,,,,,,,,,,,,,,,,,,,,,,,,,,,,,,,,,,,,,,,,,,,,,,,,,,,,,,,,,,,,,,,,,,,,,,,,,,
Fraxinus,TRSH,pollen,NISP,,3,5,3,,2,1,4,5,2,4,2,5,,1,,3,,1,3,3,4,3,1,2,5,1,,5,2,,5,1,4,,,,1,1,,,1,,1,1,,,1,1,,,1,1,1,1,,,,,,,,,,,,,,,,,,,,,,,,,,,,,,,,,,,,,,,,,,,,,,,,,,,,1,,,,,,,,,,,,,,,,,,,,,,,1,,,,,,,,,,,,,,,,,,,,,,,,,,,,,,,,,,,,,,,,,,,,,1,,,,,,,,,,,,,,,,,,,,,,,,,,,,,,,,,,,,,,,1,,,,,,,,,,,,,,,,,,,,,,1,,,,,,,,,,,,,,,,,,,,,,,,,,,1,,,,,,,,,,,,,,,1,,,,,,,,,,,,,,,,,,,,,,,,
Galium,UPHE,pollen,NISP,,,,2,2,,1,1,,,1,2,1,,1,,2,,,2,2,,,1,1,,,1,1,2,2,2,,1,1,,1,1,,,1,1,1,1,1,1,,1,,,1,,1,,,,1,1,,1,,1,1,,,,1,,,,1,1,1,,1,,1,1,1,1,1,,1,,1,1,1,,,,1,1,1,1,,1,,1,1,1,1,1,1,,1,1,,,,,,,,,1,1,,,1,,,1,1,1,1,,,,,1,1,,1,,,1,,1,1,1,,,1,,1,,1,1,,1,,,1,,,1,,,,1,1,1,,,1,,1,1,,1,,,,,,,1,1,,,,1,,1,,1,,1,,,1,1,1,,,1,,,1,,1,,1,1,,,,,,1,1,1,,,,1,,1,,1,,,,,1,1,,1,,,1,,1,1,,1,,1,1,1,,,1,1,,,,1,,,,,1,1,,,,1,1,1,1,1,,,,1,1,1,1,,1,1,,1,1,,,,,,1,1,,,1,1,,,,1,,1,,1,,1,1,,,,1,
Hagenia,TRSH,pollen,NISP,,40,38,36,33,41,43,34,39,22,24,34,23,32,41,43,39,31,20,32,41,34,32,24,24,25,25,25,41,35,30,35,10,22,35,28,17,30,34,33,13,40,33,16,32,26,28,20,18,24,37,22,18,22,15,19,37,15,25,34,22,10,26,34,21,11,19,11,25,29,33,17,39,39,19,17,22,30,28,22,27,31,40,29,29,29,22,16,40,30,20,20,37,26,31,19,23,28,35,14,37,18,16,15,17,18,18,19,12,20,15,13,4,3,2,,3,4,,1,5,4,3,5,5,1,,2,,3,3,,5,4,2,,3,1,1,5,5,3,4,4,2,3,,1,,3,4,3,5,5,5,2,3,4,,4,,1,,3,5,2,2,1,1,4,,5,3,,2,3,,5,1,3,4,4,,1,1,,1,4,2,5,5,,1,2,1,2,4,1,1,1,4,1,3,4,5,3,5,4,,,4,4,1,1,3,2,1,4,1,3,,4,,3,5,5,3,2,3,4,5,1,2,2,,4,2,4,1,2,2,1,1,2,4,4,,3,4,4,1,1,4,5,,2,2,4,3,,,4,4,5,4,4,1,3,,2,,,2,,2,5,2,3,5,2,,3,4,3,4,2,5,5,2,1,5,3,5,1,5,3,2,5,1,2,2,2
Heliotropium,UPHE,pollen,NISP,,,4,2,4,5,1,5,3,5,2,4,1,5,3,1,,4,2,5,5,5,4,2,,1,2,4,,3,5,4,1,,,1,1,,1,,1,,1,1,,,,1,1,,,,1,,1,1,,,1,1,,,1,,1,1,,,,1,1,1,,1,,,,,,1,1,,,1,1,,,,1,1,,,,,,,1,,,1,1,,1,1,,1,1,1,,,1,1,,,,,,,,,1,1,,,1,,1,1,,1,1,1,,,1,,1,1,1,1,,,,1,,1,,,1,,1,,,,,1,,1,1,1,,1,1,1,1,1,1,,1,1,,,1,,,,1,,1,1,,1,1,,1,1,1,,,1,,,1,,1,,,1,1,,1,1,1,,,,1,,1,,1,,1,1,1,,,,1,,,1,1,,,1,1,,,1,1,1,1,1,,1,1,,,1,1,1,1,1,,,,,,,1,1,1,,1,,,,,,1,1,,,,,,1,,1,,,,1,,1,,1,,,,,1,,1,,,,,1,1,1,,1,,,,,,1,,1
Hypericum,UPHE,pollen,NISP,,,,3,,,4,2,2,2,4,,4,2,2,,2,5,3,,3,2,,5,2,1,4,1,2,5,4,4,2,4,3,1,2,4,2,2,4,3,3,4,5,2,3,5,4,3,4,5,3,5,4,5,3,4,2,3,5,1,2,4,3,4,5,3,2,1,3,4,2,4,3,2,3,3,4,4,3,4,5,5,1,5,1,2,2,1,4,2,4,4,1,4,1,3,5,1,2,5,1,4,1,1,2,7,1,2,2,4,1,5,3,3,1,,3,2,1,5,3,,2,4,2,,,,,2,2,5,5,2,3,1,2,5,1,1,5,2,5,5,1,1,1,1,4,,2,2,4,5,4,,,5,1,2,2,,3,3,5,,1,1,,,1,,2,2,,,2,1,,1,2,1,2,2,2,,1,,1,,2,1,2,,1,,,,2,,,2,2,,2,2,2,1,,,1,1,2,2,,,1,,3,1,5,2,2,5,,,,,,,,,,,,,,,,,,,,,,,,,,,,,,,,,,,,,,,,,,,,,,,,,,,,,,,,,,,,,,,,,,,,,,,,,,,,
Hypoestes,UPHE,pollen,NISP,,,1,1,1,1,1,2,,1,1,2,2,,,,,2,1,,1,,,1,1,2,2,,,,2,,,,,,,1,,,,,,,,,,,,,,,,,,,,,,,,,,,,,,,,,,,,,,,,,,,,,,,,,,,,,1,,,,,,,,,,,,,1,,,,,,,,,,,,,,,,,,,,,1,,,,,,,,,,,,,,,,,,,,,,,,,,,,,,,,,,,1,,,,,,,,,,,,,,,,,,,,,,,,,,1,,,,,,,,,,,,,,,,,,,,,,,,,,,,,,,,,,,,,,,,,2,,,,,,,,,,,,,,,,,,,,1,,,,,,,,,,,,,,,2,,,,,,,,,,,,,,,1,,,,,,,,,,,,,,,,,,,1,,,,,,
Ilex,TRSH,pollen,NISP,,,,,,,,,,,,,,,,,,,,,,,,,,,,,,,,,,,,,1,,,,,,,,,,,,,,,1,,,,,,,,,,1,,,,,,,,1,,,,,,,,,,,,,,,,,,,,,,,,,,,,,,,,,,,,,,,,,,,,,,,,,,,,,,,,,,,,,,,,,,,,,,,,,,,,,,,,,,,,,,,,,,,,,,,,,,,,,,,,,,,,,,,,,,,,,,,,,,,,,,,,,,,,,,,,,,,,,,,,,,,,,,,,,,,,,,,,,,,,,,,,,,,,,,,,,,,,,,,,,,,,,,,,,,,,,,,,,,,,,,,,,,,,,,,,,,,,,,,,,,,,,,,,
Indigofera,TRSH,pollen,NISP,,1,3,4,,3,2,5,3,4,,,5,,1,4,1,2,4,5,5,1,3,,5,4,4,,4,2,1,1,1,1,1,1,1,,1,,1,1,,,,1,1,,1,,,,,1,1,,1,,1,1,1,1,,1,1,,,1,1,1,1,1,,,1,1,,,,,,,,1,1,,,1,,,,,1,,1,1,,,,1,,,,1,,1,1,,1,1,,,1,,1,,,,,,,,,1,,,,1,,,,,1,1,1,1,1,,1,,1,,1,1,1,1,,1,,,,,,,,1,1,1,1,1,,1,,1,,1,,1,1,,,1,1,1,1,,1,1,1,1,,,,,1,,,1,,1,1,,1,1,,1,,1,1,,1,1,,1,,1,,1,1,,,1,,,1,,,1,1,,,,,,1,1,,,,1,1,,1,1,,1,,,,,1,,,1,1,,,1,,1,1,1,1,,1,1,1,,1,1,1,1,,1,1,1,1,,,1,1,,1,,1,,1,1,1,,,1,,,1,,1,1,,1,1,,,,1,,,,1,,1,
Iridaceae,UPHE,pollen,NISP,,5,,2,5,3,1,1,3,4,4,,1,2,2,1,5,2,1,4,,5,2,2,4,1,4,5,3,5,4,1,,5,3,4,,5,3,5,3,1,5,,3,2,3,4,2,5,,4,5,3,2,,3,,1,3,1,4,1,3,1,5,5,4,4,,4,5,3,5,,5,1,3,2,2,,5,1,3,2,1,5,4,,4,1,4,4,4,4,1,2,1,2,1,,3,1,1,1,,5,,3,1,2,5,1,2,5,5,5,3,5,1,4,5,2,5,1,1,,,2,2,2,2,,,3,1,1,4,,5,4,3,2,1,,4,4,4,5,3,3,4,4,1,1,5,5,5,4,5,2,,5,4,2,3,1,3,3,1,5,4,5,1,5,3,3,4,1,4,2,5,4,4,4,1,2,5,4,1,,5,2,3,4,2,5,1,5,2,,2,3,1,1,4,5,3,2,5,1,4,2,3,,,,4,3,2,5,1,,1,3,4,,5,1,3,3,3,3,5,4,3,4,,1,1,3,2,,1,1,2,,,5,2,2,3,4,1,1,2,3,1,2,4,4,1,3,5,5,2,4,,4,1,5,2,3,1,4,5,4,1,1,4,5,,5,5,4,3,,2,,1,3,4,3,,4,4,1,2,4,,3,4
Juniperus,TRSH,pollen,NISP,,137,138,136,149,152,146,164,164,156,134,131,163,154,154,160,144,143,132,161,139,143,152,158,143,157,155,146,130,136,147,144,162,131,141,131,156,160,162,162,163,148,177,142,140,156,150,137,176,159,164,169,144,144,167,155,138,159,151,168,24,15,14,24,24,24,14,17,25,17,19,18,18,40,70,73,63,40,52,51,63,61,60,77,81,41,62,90,92,107,109,100,99,100,98,105,104,110,92,27,57,59,24,23,31,35,28,21,59,39,45,48,51,40,21,60,52,39,35,3,10,6,8,8,3,7,12,15,13,5,14,11,15,33,31,30,39,26,32,33,36,39,23,20,16,26,32,20,26,36,28,24,21,18,25,20,24,6,5,10,7,5,10,9,5,6,6,9,7,6,6,8,9,6,10,8,7,7,8,6,9,9,8,7,8,9,5,9,8,5,7,11,10,14,9,15,8,13,18,9,16,19,5,10,8,17,10,9,7,12,,3,9,4,10,,10,5,2,6,10,10,9,,8,6,2,4,8,6,4,8,,1,4,5,15,15,20,15,18,16,17,15,15,18,16,18,16,20,18,10,9,8,11,15,13,7,12,7,6,8,12,6,12,14,13,10,19,18,18,18,17,17,15,19,20,15,19,18,17,16,17,15,16,16,19,17,17,16,15,17,19,19,15,15,16,17,17,18,19,20
Justicia,UPHE,pollen,NISP,,2,,,2,,,,1,,1,1,1,,,2,2,,1,1,,,1,1,2,,1,2,2,,1,2,,1,2,2,,,1,2,2,2,,1,,,,,2,,2,1,2,,,,,1,2,1,2,2,2,2,1,,1,1,,2,,,,,2,2,2,2,1,1,1,1,,,2,1,2,1,1,,,2,,2,,2,1,,1,1,2,,,2,2,,1,2,2,,,1,1,,,1,,1,,2,1,,1,1,2,1,,,1,,2,,2,,1,2,1,2,,1,1,,,2,,1,1,2,1,,,,1,1,2,1,1,1,2,2,2,2,1,2,,2,1,1,2,2,2,2,,1,1,,,1,,2,2,2,2,,1,2,1,2,2,2,2,1,1,1,1,2,1,,2,1,1,,,2,1,1,,1,1,,1,,,1,1,2,1,1,2,1,,,,,1,2,2,,2,1,2,1,1,,,2,1,2,,1,2,2,2,2,1,1,,1,2,2,,1,2,1,1,,,,2,,,1,,,2,,,,2,,,1,,,2,2,2,2,1,,,2,,2,2,1,,1,1,,2,2,2,2,,,,2,,1,,1
Kohautia,TRSH,pollen,NISP,,1,1,,5,,4,5,4,2,3,1,2,1,5,4,4,5,5,2,,3,1,1,5,5,2,5,3,4,3,3,1,1,1,1,,,,1,1,1,1,,1,,1,,1,,,,1,1,,1,,,1,,1,1,1,,1,,,,,1,,,1,,1,1,1,,,,,,1,,1,1,,,,,,1,,,1,1,,,,1,,,,,,1,,1,1,1,,1,1,,,1,1,,,,1,,,1,,1,,,1,1,1,1,,,1,1,,,1,1,,,,1,1,,,1,,,1,1,,,1,,1,,1,1,,,,1,,,1,1,,1,,,1,1,,,,,,,1,1,,,,1,1,1,1,1,1,1,,1,1,,1,,1,,1,1,1,1,1,1,1,1,1,,1,,1,1,,,1,,,,,1,1,1,1,,1,,,1,,1,,,,,1,,1,,,1,1,,1,,1,,1,,,,,1,,,1,1,1,1,1,,1,1,1,,1,,,,,1,1,,1,,1,1,,,1,1,1,,,1,1,,1,1,1,1,1,1,1,,1,,1,,,1
Lamiaceae,UPHE,pollen,NISP,,3,3,,2,3,1,4,4,2,1,4,1,,4,3,4,5,4,1,,5,2,,4,5,4,4,5,3,1,3,1,5,3,2,5,2,4,2,4,2,2,,4,4,,1,4,2,2,4,3,4,2,5,3,,3,4,2,,2,2,2,5,,4,4,4,1,5,,5,1,3,2,3,1,4,1,4,3,4,2,3,4,2,2,,,4,3,1,,,3,5,5,5,,3,3,3,,5,1,3,4,5,,4,1,5,,1,1,3,1,,,1,4,1,1,1,4,1,2,3,2,3,1,4,5,3,2,,1,4,5,1,3,,4,5,1,,2,2,5,2,3,1,4,5,3,1,4,5,2,,5,,1,1,2,3,3,1,5,,5,2,5,,3,2,,5,,5,2,,1,3,3,2,5,5,4,1,,4,4,,4,,5,2,1,5,5,5,5,1,3,,1,1,2,2,,4,3,1,1,4,4,3,1,,3,,2,,2,4,4,2,3,1,1,3,3,1,1,4,3,2,3,3,3,,2,2,5,,,4,2,4,1,2,5,3,,3,5,,2,2,5,5,1,,4,5,2,,5,1,2,5,,,5,4,4,,5,1,3,3,2,1,4,,5,4,,2,5,,1,3,1,1,4,2,5,
Lannea,TRSH,pollen,NISP,,,,,,,,,,,,,5,,1,2,3,1,,4,4,3,5,5,2,5,1,1,2,,5,2,2,3,4,3,2,5,3,,3,2,,2,2,4,,4,1,1,1,2,,3,,2,,1,1,5,2,2,,,,1,,,,,,,,,,,,,,,,,,,,,,,,,,,,,,,,,,,,,,,,,,,,,,,,,,,,,,,,,,,,,,,,,,,,,,,,,,1,,1,,,,,2,,,,,,,,1,,,,,,,,,,,,,,1,,,,,,,,,,,,,1,,,,,,,,,1,,,,,,,,,,,,,,,,,,,,,,,,,,,,1,,,,,,,,,,,,,,,,,,,,,,,,,1,,2,,,,,,,,,,,,,,,,,,,,,,,,,,,,,,,,,,,,,,,,,,,,,,,,,,,,,,,,
Macaranga,TRSH,pollen,NISP,,,,,,,,,,,,,4,,1,,1,2,4,5,4,5,4,4,4,2,2,3,3,3,4,3,,,2,2,5,2,1,2,1,3,5,,4,,2,2,1,1,3,,2,3,4,4,2,1,3,1,5,5,,3,,,,,,,1,,,,,,,,,,,,,,,,,,,,,,,,,,,,,,,,,,,,,,,,,,,,,,,,,,,,,,,,,,,,,,1,,,,2,,,,,,,,,,,,,,,,,,,,1,,,,,,,,,,,,,,,,,,,,,,,,,,,,,,,,,,,,,,,,,,,,,,,,,,,,,,,,,,,,,,,,,,,,,,,,,,,,,,,,,,,,,,,,1,,,,,,,,,,,,,,,,,,,,,,,,,,,,,,,,,,,,,,,,,,,,,,,,,,,,,,,,,
Maytenus,TRSH,pollen,NISP,,,2,2,,1,1,1,2,1,2,2,,1,1,1,2,1,,,,2,,2,1,2,2,,1,2,2,1,,,,,,,,,,,,1,2,1,,,,,,,1,,,,,,,,,,2,,,,2,,,,,,,1,,1,,,,,,,,1,,,,,2,,,,3,,,,,,,,,,,,,,,,,,,,,,,,,,,,,,,,,,,,,,,,,,,,,,,,,,,,,,,,,,,,,,,,,,,,,,,,,,,,,,,,,,,,,,,,,,,,,,,,,,,1,,1,,,1,,,1,2,1,2,,,,,,,,,,,,,,,,,,,,,,,,,,,,,,,,,,,,,,,,,,,,,,,,,,,,,,,,,,,,,,,,,,,,,,,,,,,,,,,,,,,,,,,,,,,,,,,,,,,
Melastomataceae,TRSH,pollen,NISP,,2,,,2,2,1,1,,2,1,2,1,1,1,2,,2,1,,1,,,2,1,2,2,,1,1,,2,,,1,2,2,1,1,,1,1,2,,,2,,1,,2,1,2,1,2,1,2,1,2,1,,,2,,2,2,1,2,,,2,,,2,1,2,,2,2,1,1,,,2,,2,2,2,2,1,1,1,,,,,,,,,,,,,,,,,,,,,,,,,,,,,,,,,,,,,,,,,,,,,,,,,,,,,,,,1,,,,,,,,,,,,,,,,,,,,,,,,,,,,,,,,,,,,,,,,,,,,,,,,,,,,,1,1,2,1,1,1,1,1,1,1,2,1,2,,1,1,1,1,1,1,1,1,2,1,2,1,1,2,,,,,,,,,,,,,,,,1,,,,,,,,,,,,,,,,,,,,,,,,,,1,,,,,,,,,,,,,,,,,,,,,,,,,,,,,,,,,
Myrica,TRSH,pollen,NISP,,4,2,2,2,2,2,,,5,3,,2,5,,4,5,5,1,3,4,1,,2,4,,2,3,,,5,4,5,5,2,4,,4,1,1,5,,4,5,4,2,5,5,5,,3,1,2,,2,1,3,2,5,5,2,,,,2,,5,4,4,1,,5,2,4,1,,,,2,1,3,1,2,,3,2,4,5,1,2,,5,3,3,5,,5,4,4,5,5,3,3,2,5,3,,3,2,2,2,,3,2,2,3,4,5,4,3,15,13,14,15,14,10,12,5,3,4,4,4,1,1,,3,,,2,3,1,1,3,5,5,4,,1,2,,3,4,4,2,1,4,1,1,5,1,2,2,,3,1,4,2,1,2,2,2,3,4,4,,5,2,2,,2,1,2,2,4,4,4,3,4,3,5,2,3,2,3,4,3,3,,4,3,5,2,1,4,1,,,4,1,4,5,5,10,2,5,8,6,1,8,7,9,5,,8,9,7,9,10,3,7,4,7,4,3,2,1,1,2,4,4,4,2,1,4,,4,2,2,,2,,1,,,1,3,3,2,2,2,3,,1,4,1,2,,1,4,2,4,,2,3,2,3,,2,,3,2,2,,1,4,3,1,2,1,2,3,,3,4,,,1,4,4,4,3,1
Myrsine,TRSH,pollen,NISP,,,1,2,1,,,2,1,2,1,,2,,1,1,1,2,,1,1,1,,1,,1,2,1,2,1,1,,2,1,2,,,,1,2,,,,1,,1,2,2,,1,1,1,,1,1,,1,1,2,1,,,1,,1,1,1,2,2,1,,1,2,2,,1,1,,2,2,1,,1,1,1,,,,2,2,2,2,2,,,,,2,1,2,1,2,,,1,1,,1,2,1,,1,1,,1,1,1,1,1,1,,,,,2,1,2,2,,,,2,,1,2,2,2,2,1,,2,,,1,1,2,,2,1,,1,1,1,,2,1,1,1,2,2,1,1,2,1,2,1,1,2,1,,,2,2,,,,,,,,,,,,,,,,,,,,,,,,,,,,,,,,,,,,,,,,,,,,,,,,,,,,,,,,,,,,,,,,,,,,,,,,,,,,,,,,,,,,,,,,,,,,,,,,,,,,,,,,,,,,,,,,,,,,,,,,,,,,,,,,,
Olea,TRSH,pollen,NISP,,,4,2,1,3,3,2,12,5,22,34,47,21,18,11,10,27,4,47,34,29,22,33,32,29,18,14,35,26,24,25,3,46,2,24,30,23,38,8,3,45,17,7,42,10,22,25,29,37,6,29,41,35,26,30,31,9,47,,42,10,2,15,12,8,4,7,3,6,4,8,1,8,6,3,16,15,16,11,12,20,15,17,18,11,18,19,10,20,18,20,15,20,10,18,13,20,17,15,16,14,20,13,11,18,20,14,14,19,18,20,20,13,20,17,19,17,12,15,10,10,12,12,16,8,1,2,3,3,4,5,,5,5,,2,5,5,1,,4,,4,1,2,3,1,1,1,1,2,,3,1,3,1,4,4,1,5,5,,2,3,2,4,1,5,4,5,1,1,5,4,3,2,2,4,5,5,1,5,5,5,2,2,4,,,3,5,4,5,3,,1,5,1,3,3,3,4,2,2,,1,5,3,4,3,1,1,5,4,2,4,,4,4,5,2,3,3,4,2,5,5,2,2,5,3,,5,5,1,3,1,,2,5,,4,4,4,3,2,5,4,1,,,,2,3,5,5,5,4,3,3,2,,,,,,,,,,1,,,,,,,,,,,,,,,,,,,,,,,,,,,,,,
Phoenix,PALM,pollen,NISP,,,,,,,,,,,,,,,,,,,,,,,,,,,,,,,,,,,,,,,,,,,,,,,,,,,,,,,,,,,,,,,,,,,,,,,,,,,,,,,,,,,,,,,,,,,,,,,,,,,,,,,,,,,,,,,,,,,,,,,,,,,,,,,,,,,,,,,,,,,,,,,,,,,,,,,,,,,,,,,,1,,,,,,,,,,,,,,,,,,,,,,,,,1,,,,,,,,,,,,,,,,,,,1,,,,,,,,,,,,,,,,,,,,1,,,,,,,,,,,,,1,,,,,,,,,,,,,,,,,,,,,,,2,1,,,,,,,,,,,,,,,,1,,,,,,,,,,,,,,,,,,,,,,,1,,
Phyllanthus,UPHE,pollen,NISP,,,2,1,1,2,2,,2,1,2,,2,2,1,1,2,,2,,2,1,,,1,,1,1,,,1,1,,,,,,,,,,,,,,,,,,,,,,,,,,,,,,,,,,,,,,,,,,,,,,,,,,,,,,,,,,,,,,,,,,,,,,,,,,,,,,,,,,,,,,,,,,,,,,,,,,,,,,,,,,,,,,,,,,,,,,,,,,,,,,,,,,,,,,,,,,,,,,,,,,,,,,,,,,,,,,,,,,,,,,,,,,,,,,,,,,,,,,,,,,,,,,,,,,,,,,,,,,,,,,,,,,,,,,,,,,,,,,,,,,,,,,,,,,,,,,,,,,,,,,,,,,,,,,,,,,,,,,,,,,,,,,
Plantago,UPHE,pollen,NISP,,149,172,236,238,190,141,250,143,215,218,205,250,213,219,175,247,185,244,139,188,227,149,236,241,142,219,230,236,247,220,164,172,143,248,239,217,121,139,132,207,137,112,111,200,4,11,11,14,10,2,9,13,10,4,10,8,14,9,4,12,11,10,10,12,1,8,8,3,12,3,11,11,4,3,7,9,9,11,7,5,3,2,3,5,5,1,2,3,4,5,4,3,,4,3,4,4,5,2,4,1,5,1,1,2,2,2,3,4,5,1,3,,1,,,,,,,,,,,,,,,,,,,,,,,1,,,,,,,,,,,,,,,,,,,,,,,,,,,,,,,,,,,,,,,,,,,,,,,,,,,,,,,,,,,,,,,,,,,,,,,,,,,,,,,,,,,,,,,,,,,,,,,,,,,,,,,,,,,,,,,,,,,,,,,,,,,,,,,,,,,,,,,,,,,,,,,,,,,,,,,,,,,,,,,,,,,,
Poaceae,UPHE,pollen,NISP,,18,22,15,17,16,18,17,17,22,20,16,19,19,22,16,18,12,18,21,22,12,19,15,18,9,17,11,11,21,8,15,46,70,84,73,84,107,125,121,122,95,92,102,127,98,117,225,190,226,231,211,215,231,186,233,181,108,111,123,108,121,113,118,114,104,107,79,75,82,85,114,111,91,83,92,92,69,70,69,65,59,75,73,58,34,86,68,31,68,62,73,24,30,45,90,31,94,72,40,64,70,33,94,78,68,62,67,79,79,106,92,93,105,109,265,130,274,154,186,120,88,32,108,40,109,89,59,75,169,138,133,159,122,192,186,121,170,133,210,174,144,208,124,127,143,104,64,90,75,95,110,112,65,113,57,108,128,82,116,189,137,136,126,149,236,198,244,252,163,215,206,188,181,166,228,249,213,234,183,175,287,393,208,234,266,253,372,220,329,233,392,325,382,340,333,426,438,335,472,349,310,341,308,467,343,471,296,445,387,344,377,299,298,291,141,161,189,125,132,193,204,207,354,258,444,234,455,152,201,301,441,382,205,244,275,427,280,145,296,424,260,139,306,414,419,244,307,213,192,297,239,196,169,134,233,290,305,373,373,355,195,136,367,278,297,360,372,451,417,424,218,150,316,419,164,367,186,386,224,137,353,231,373,183,425,248,392,446,450,330,225,319,193,406,332,301,413,410,319,411,349
Poaceae (Cerealia),UPHE,pollen,NISP,,21,10,20,17,10,10,16,30,25,10,19,30,25,30,28,12,16,30,15,18,12,17,17,12,13,14,28,22,17,28,32,23,21,32,31,24,10,8,6,5,4,7,5,2,1,4,3,5,6,1,2,2,4,2,4,,,1,1,1,2,1,1,,,1,,,,,,,,,,,,,,,,,,,,,,,,,,,,,,,,,,,,,,,,,,,,,,,,,,,,,,,,,,,,,,,,,,,,,,,,,,,,,,,,,,,,,,,,,,,,,,,,,,,,,,,,,,,,,,,,,,,,,,,,,,,,,,,,,,,,,,,,,,,,,,,,,,,,,,,,,,,,,,,,,,,,,,,,,,,,,,,,,,,,,,,,,,,,,,,,,,,,,,,,,,,,,,,,,,,,,,,,,,,,,,,,,,,,,,,,,,,
Podocarpus,TRSH,pollen,NISP,,20,63,33,51,27,65,58,49,59,38,50,50,38,29,30,47,35,58,83,83,78,85,79,67,95,69,72,69,78,67,93,67,69,95,67,65,79,54,70,53,73,74,60,60,77,89,57,92,86,86,96,98,63,65,84,71,69,58,54,66,76,78,65,89,52,55,56,50,51,50,92,53,87,68,67,64,84,64,79,68,86,91,96,83,87,95,85,83,82,97,86,89,80,81,86,82,54,40,54,38,51,41,32,36,44,60,47,48,32,52,49,111,113,115,86,119,104,99,87,82,96,92,100,95,108,98,105,85,62,94,97,75,45,32,24,29,28,32,22,29,27,21,32,25,30,37,20,28,21,36,21,40,33,20,20,14,20,14,10,18,13,15,12,10,14,14,20,14,13,13,19,14,11,17,17,11,12,19,19,13,16,20,12,14,10,12,11,17,14,13,20,11,16,16,20,12,15,20,18,13,18,11,16,14,48,44,34,36,49,30,44,36,36,36,37,50,50,38,35,50,44,39,47,30,30,41,38,38,45,44,43,42,32,34,42,39,32,33,30,33,32,49,48,43,40,45,44,41,41,50,31,37,33,48,39,39,31,44,35,44,17,25,24,21,12,30,12,20,18,20,28,10,22,24,4,,,,6,1,2,8,4,6,2,6,4,,1,4,2,3,2,,,,,,,,
Polygonum,UPHE,pollen,NISP,,5,12,13,12,10,11,10,13,10,9,13,14,15,14,14,14,14,10,10,10,8,10,15,11,8,4,5,3,4,2,2,5,1,1,2,3,1,1,3,1,3,3,2,3,4,5,,3,,3,3,1,4,2,4,5,3,3,5,4,4,4,5,4,3,,5,1,1,1,1,1,2,,,,1,,2,2,,,,,,,,,,,,,,,,,,,,,,,,,,,,,,,,,,,,,,,,,,,,,,,,,,,,,,,,,,,,,,,,,,,,,,,,,,,,,,,,,,,,,,,,,,,,,,,,,,,,,,,,,,,,,,,,,,,,,,,,,,,,,,,,,,,,,,,,,,,,,,,,,,,,,,,,,,,,,,,,,,,,,,,,,,,,,,,,,,,,,,,,,,,,,,,,,,,,,,,,,,,,,,,,,,,,,,,,,,,,,
Psydrax,TRSH,pollen,NISP,,,,1,1,,1,1,2,1,2,1,1,,,,,,,,1,2,2,,,1,,,2,,1,1,,,,,,,,,,,,,,,,,,,,,,,,,,,,,,,,,,,,,,,,,,,,,,,,,,,,,,,,,,,,,,,,,,,,,,,,,,,,,,,,,,,,,,,,,,,,,,,,,,,,,,,,,,,,,,,,,,,,,,,,,,,,,,,,,,,,,,,,,,,,,,,,,,,,,,,,,,,,,,,,,,,,,,,,,,,,,,,,,,,,,,,,,,,,,,,,,,,,,,,,,,,,,,,,,,,,,,,,,,,,,,,,,,,,,,,,,,,,,,,,,,,,,,,,,,,,,,,,,,,,,,,,,,,,,,
Rapanea,TRSH,pollen,NISP,,,1,,2,1,,2,2,,,,,,1,,2,2,2,,,2,1,1,,2,1,1,,2,,2,1,1,2,2,1,,2,,,1,,2,,1,,1,2,1,2,,,,,2,,2,1,2,2,,1,1,1,2,,,,1,1,,1,1,,1,1,1,,1,1,1,1,1,,1,1,2,2,,1,1,2,2,1,2,1,2,,1,2,1,2,1,1,1,1,2,,2,,,,1,,1,,1,1,1,1,1,,1,2,2,1,1,,1,2,,,2,2,1,1,2,2,2,,,,2,2,,,,,,,,,,,,,,1,,,,,,,,,,,,,,,,,1,,,,,,,,,,,,,,,,,,,,1,,,,,,,,,,,,2,,,,,,,,,,,,,,,,1,,,,,,,,,,,,,2,,,,,,,1,,,1,,,,,,,1,,,,,,,,,,,,,,,,,,,,,,,,,,,,,,,,,,,1,,,,,,,,,,,,,
Rhus,TRSH,pollen,NISP,,,,1,,1,,,1,1,,2,2,1,,,2,2,1,,1,,1,2,,,2,2,1,,2,,2,,3,,,,,,,,,2,2,,3,3,,,,,,,,2,2,,1,1,1,1,2,1,2,3,1,3,2,1,1,,,,,,,,,,2,1,,,1,1,,,1,,,1,1,1,1,,1,,,,1,1,,,1,1,1,,1,1,1,,,1,1,,,1,,1,,,1,,,1,1,1,1,,1,1,1,,,,1,1,1,1,,1,1,1,1,,,,,,,,1,1,,1,,,,1,,1,1,1,1,1,1,1,1,1,1,,,,,1,,1,,1,1,,,,,1,,,1,1,1,1,,,1,1,1,,1,,,1,1,1,1,1,,,,,,,1,1,,1,1,1,,1,,,,,1,,,1,1,,1,1,,1,1,,,1,1,1,,1,1,,,,,,,,,,,,,,,,,,,,,,,,,,,,,,,,,,,,,,,,,,,,,,,,,,,,,,,,,,,
Ricinus,UPHE,pollen,NISP,,1,1,1,2,2,,1,,1,2,2,,1,1,2,2,1,1,1,1,2,1,2,2,2,1,1,,1,2,1,2,2,,,,2,,,,,,,,,,,1,,,,,,,,,,,,,,,,,,,,,,,,,,,,,,,,,,,,,,,,,,,,,,,,,,,,,,,,,,,,,,,,,,,,,,,,,,,,,,,,,,,,,,,,,,,,,,,,,,,,,,,,,,,,,,,,,,,,,,,,,,,,,,,,,,,,,,,,,,,,,,,,,,,,,,,,,,,,,,,,,,,,,,,,,,,,,,,,,,,,,,,,,,,,,,,,,,,,,,,,,,,,,,,,,,,,,,,,,,,,,,,,,,,,,,,,,,,,,,,,,,,,,,,,,,,,,
Rosa,TRSH,pollen,NISP,,,1,2,1,1,2,,1,,,1,1,2,2,2,2,1,1,,,2,1,2,,1,2,,2,,1,,,,,,,,,2,,,,1,,3,,,,,,3,,,,2,,,,2,,,,1,,,,,,,,,1,,,,,,,,,,,,,,,,2,,,,,,,,,,,,,1,,,,,,1,2,1,1,1,1,,,,,,,,,,,,,,,,,,,,,1,,,,,,,,,,,,,,,,,,,,,,,,,,,,,,,,,,,,,,,,,,,,,,,,1,,,,,,,,,,,,,,,,,,,,,,,,,,,,,,,,,,,,,,,,,,,,,,1,,,,,,,,,,,,,,,,,,,,,,,,,,,,,,,,,,,,,,,,,,,,,,,,,,,,,,,,,,,,,,,,,,,,,,,,,,
Rubiaceae,TRSH,pollen,NISP,,,2,2,2,,1,,,,,,2,,1,,,,2,,1,,1,2,2,1,,,,,,2,,1,1,,,1,,,,1,,1,1,,1,,,,1,1,1,,,,1,1,,,1,1,1,1,1,,1,1,1,1,,1,1,1,1,,1,,,,1,,1,,1,1,1,1,1,,,1,,,,1,,1,,1,,,1,1,1,1,1,1,,,,1,1,1,,1,1,1,,1,,,1,1,1,,1,1,1,1,,1,1,1,,1,1,1,,1,,,,,,,1,1,1,1,1,,1,,1,1,,1,1,,,1,1,1,1,,,1,1,,,,1,1,,1,,,1,,,1,1,1,,1,,1,1,,1,1,,,,1,1,1,1,,1,,1,,,1,,,,1,1,1,,1,,1,1,1,1,1,,1,,,,,,1,1,1,1,1,,1,,,,,1,,1,1,,1,,1,,1,,1,,,,1,,1,1,,,1,,,,,,,,,,1,1,1,1,,,,1,1,,1,,1,,1,1,1,,1,1,1,,1,,1,,,,1,,,,1
Rumex,UPHE,pollen,NISP,,11,12,12,8,9,11,11,8,10,10,8,10,8,10,15,15,11,10,10,13,12,11,11,11,12,12,8,12,13,14,11,19,8,17,18,19,11,8,23,16,9,11,9,9,12,11,8,11,12,3,5,4,,5,3,,5,5,5,2,4,,1,5,5,4,,4,3,5,2,2,4,,4,,,,,,,,,,,,,,,,,,,,,,,,,,,,,,,,,,,,,,,,,,,,,,,,,,,,,,,,,,,,,,,,,,,,,,,,,,,,,,,,,,,,,,,,,,,,,,,,,,,,,,,,,,,,,,,,,,,,,,,,,,,,,,,,,,,,,,,,,,,,,,,,,,,,,,,,,,,,,,,,,,,,,,,,,,,,,,,,,,,,,,,,,,,,,,,,,,,,,,,,,,,,,,,,,,,,,,,,,,,,,,,,,,
Saussurea,UPHE,pollen,NISP,,1,1,,1,,,,1,1,,1,1,,1,,1,1,,,1,1,1,,,,1,1,1,,1,,,,,,1,1,,1,,1,1,,1,1,1,,1,,1,1,1,1,1,,,1,,1,,1,1,1,1,1,1,,1,1,1,1,,1,,1,,1,1,,1,1,,1,,1,1,1,,1,,1,,1,,,,,,,,1,1,1,1,1,,,1,1,,1,1,1,,1,,1,,1,,,,1,,1,,,1,1,1,,1,1,,,,1,1,1,,,,1,,,1,,1,,,1,,,1,1,1,1,,1,1,,1,,1,1,1,1,,1,1,,1,1,,1,1,1,,,1,1,,1,,1,,1,1,,1,,,,1,,,,1,,,1,1,,1,,1,,,,1,,,1,1,1,,1,1,,1,1,1,1,1,,1,,,1,,1,,1,,1,,,,1,,1,1,1,1,1,,1,,1,1,1,1,1,,1,1,1,1,,,1,1,,1,1,,1,1,1,1,,,1,,,1,1,1,1,1,1,1,1,1,1,1,1,1,,,1,,1,,,1,,1,1,,
Schefflera,TRSH,pollen,NISP,,,2,,2,1,2,1,2,1,1,2,2,1,,1,,2,2,1,2,1,2,,2,1,,,2,2,2,2,,,,,,,,,,,,,,,,,,,,,,,,,,,,,,,,,,,,,,,,,,,,,,,,,,,,,,,,,,,,,,,1,,,,,,,,,1,,,1,,,,,,1,,,,1,,,,2,1,,,,,,,,,,,,,,,,,,,,1,,,,,,,,,,,,,,,,,,,,,,,,,,,,,,,,,,,,,,,,,1,,,,,,,,,,1,,1,1,1,,1,,,,,,,,,1,,,,,,,,,,,,,,1,,,,,,,,,,,,,,,,,,,,,,,,,,,,,,,,,,,,,,,,,,,,,,,,,,,,,,,,,,,,,,,,,,,,,,,,,,,,,,,,
Securinega,TRSH,pollen,NISP,,,2,1,,,1,,,1,1,,,1,1,1,1,2,1,2,,,2,,,1,2,1,,1,2,2,,,,,,,,,,,,,,1,,,,,,,,,,,,,,,,,,,,,,,,,,,,,,,,,,,,,,,,,,,,,,,,,,,,,,,,,,,,,,,,,,1,,,,,,,,,,,,,,,,,,,,,,,,,,,,1,1,,,,,,,,,,,,,,1,,,,,,,,,,,,,1,,,,,,,,,,,,,,,,,,,,,,,,,,,,,,,,,,,,,,,,,,,,,,,,,,,,,,,,,,,,,,1,,,,1,,,,,,,,,,,,,,,,,,,,,,,,,,,,,,,,,,,,,,1,,,,2,,,2,,,,,,1,,,,,,,,,,,,,,,,,
Senecio,UPHE,pollen,NISP,,,5,2,1,3,,4,2,1,,5,5,4,2,1,2,2,1,3,1,4,,3,,4,2,4,4,3,3,5,1,5,3,1,,1,3,5,2,4,2,4,5,2,5,2,1,,3,1,,,4,4,1,2,,,3,3,1,1,4,1,2,5,2,1,5,,4,5,5,1,1,,2,,,3,5,,,1,2,3,,2,2,,3,1,1,3,2,5,4,5,,5,2,5,,4,3,3,,,4,2,3,,1,3,3,4,2,4,,,1,2,4,1,3,5,,2,2,,3,1,1,3,1,4,1,1,2,4,2,1,4,1,4,2,3,2,2,,4,2,2,5,2,4,1,3,3,4,2,3,4,5,5,2,5,3,3,,5,4,2,2,3,5,5,3,3,2,3,5,3,1,3,5,2,5,5,5,2,1,2,2,4,,2,5,5,5,,5,1,1,,3,2,1,1,5,2,1,3,3,5,1,5,,3,4,3,3,1,5,4,1,5,4,5,3,,,2,,3,3,3,3,4,5,2,2,1,2,4,2,4,5,3,,2,2,2,5,,1,1,3,,4,4,1,,4,4,4,2,1,,,2,4,1,1,2,,,1,2,,4,1,5,4,2,1,2,3,4,3,1,5,2,3,,2,4,2,4,3
Solanum,UPHE,pollen,NISP,,,1,1,1,,,1,2,2,1,2,2,2,,2,,,2,2,1,,,1,1,2,,1,1,1,1,,1,,,1,,1,,1,,1,,1,2,1,1,1,,1,,,,,,,2,1,,,,,,1,2,,,,,1,,,,,,,,,,,,1,,,2,,,,,,,,1,1,1,1,,,,,,,,,,,,,,,,,,,,,,,,,,,,,,,,,,,,,,,,,,,,,,,,,,,,,,,,,,,,,,,,1,,,,,,,,,,,,,,,,,,,,,,,,,,,,,,,,,,,,,,,,,,,,,,,,,,,,,,,,,,,,,,,,,,,,,,,,,,,,,,,,,,,,,,,,,,,,,,,,,,,,,,,,,,,,,,,,,,,,,,,,,,,,,,,,,,,,,,,,,,,,,,
Swertia,UPHE,pollen,NISP,,,,,1,,,1,,1,,,,1,,,1,1,,1,1,,1,1,,1,1,,1,1,,1,,1,,1,1,,,1,,1,1,,,,,1,,1,1,,1,1,,,,1,1,,1,1,,,,,1,,1,,1,1,1,,,,,,1,,,,,1,,,,,,,,,1,1,1,,,,,,1,,,,1,,,1,,,1,,,1,1,1,,,,1,1,1,,1,,,,,1,1,,1,,,,,1,1,,,1,1,,,,1,,,1,1,,,1,,1,1,1,,1,,1,1,,1,,,1,,,1,,1,,1,1,,,,,,1,1,,1,1,1,1,1,1,,1,1,1,1,1,,1,1,1,,1,1,1,,,,,1,1,1,,,,,,1,1,,,1,,,1,1,,,,1,1,1,,,,1,1,1,,,1,1,1,1,,,,,1,,,,,,1,,1,,1,,1,,1,1,1,,1,,1,,1,,,1,,1,,,,,,,1,,,,1,1,,1,1,,,,1,,,1,,,1,,1,1
Tamarindus,TRSH,pollen,NISP,,,1,,1,2,2,2,2,,,1,,,,,2,1,,2,1,1,,,1,,2,2,2,,,,,,,,,,,,,,,,,,,,,,,,,,,,,,,,,,,,,,,,,,,,,,,,,,,,,,,,,,,,,,,,,,,,,,,,,,,,,,,,,,,,,,,,,,,,,,,,,,,,,,,,,,,,,,,,,,,,,,,,,,,,,,,,,,,,,,,,,,,,,,,,,,,,,,,,,,,,,,,,,,,,,,,,,,,,,,,,,,,,,,,,,,,,,,,,,,,,,,,,,,,,,,,,,,,,,,,,,,,,,,,,,,,,,,,,,,,,,,,,,,,,,,,,,,,,,,,,,,,,,,,,,,,,,,,,,
Teclea,TRSH,pollen,NISP,,,2,,,2,2,,1,1,1,,1,,1,1,2,,,,2,2,2,1,1,1,2,1,1,,2,2,1,,,,,,,,,,,,,,,,,,,,,,,,1,,,,,,,,,,,,,,,,,,,,,,,,,,,,,,,,,,,,,,,,,,,,,1,,,,,,,,,,,,,,,,,,,,,,,,,,,,,,,,,,,,,,,,,,,,,,,2,,,,,,1,2,2,,,,,,,,,,,,,1,,,,,,,,,,,,,,,,,,,2,,,,,,,,,,,,,,,,,,,,,,,,,,,,,1,,,,,,,,,,,,,,,,,,,,,,,,,,,,,,,,,,,,,,,,,,,,,,,,,,,,,,,,,,,,,,,,,,,,,,,,,,,,,1,,,,,,,
Tribulus,UPHE,pollen,NISP,,2,,4,2,4,3,,,3,2,3,,4,1,4,1,3,,4,2,3,,2,2,,1,4,,2,2,3,1,1,,2,2,2,,1,,1,2,1,,2,2,2,1,,,,,,,,,,,,,,,,,,,,,,,,,,,,,,,,,,,,,,,,1,,,,,,,,,,,,,,,,,,,,,,,,,,,,,,,,,,,,,,,,,,,,,,,,,,,,,,,,,,,,,,,,,,,,,,,,,,,,,,,,,,,,,,,,,1,,,,,,,,,,,,,,,,,,,,,,,,,,1,,,,,,,,,,,,,,,,,,,1,,,,,,,,,,,,,,,,,1,,,,,,,,,,,,,,,,,,,,,,,,,,,,,,,,,,1,,,,,,,,,,,,,,,,,,,,,,,,,,,,
Urticaceae,UPHE,pollen,NISP,,,8,6,8,12,1,13,8,4,14,4,12,1,6,12,5,8,13,5,15,9,11,12,3,8,2,,,1,,1,1,2,,,,,,,3,3,,6,3,4,1,5,5,5,3,2,3,3,7,2,2,2,5,8,3,4,8,5,3,2,1,3,2,1,4,5,4,3,4,,,,,,,,2,1,,,2,,,,1,3,,4,,,,,,,,,,,,,,,,1,,,,,,,,,,,,1,,,,,,,,,,,,,,1,,,,,,,,,,,,,,1,,,,,,,,,,,,1,,,,,,,1,,,,,,,,,,,1,,,,,2,,,,,,1,,,,,,,1,,,,,1,,1,,1,,,,,2,1,,1,,,,,,,1,,,,,,,,,,2,1,,,,,,,,,,,,,1,,,,,,,,,,,,,,,,,,,1,,,,,,,,,,,,1,,,,,,,,,1,,,,,,,,,1,,,,,,,
Vernonia,UPHE,pollen,NISP,,,,1,1,1,1,,1,,1,,,,1,1,1,1,1,,,1,1,1,,1,,1,,1,,1,,,,1,,,,,,,,,,,,,,1,,,,,,,,,,,,,,,,,,,1,,,,,,,,,,,,,1,,,,,,,,,1,1,1,1,1,,,,,,1,1,1,1,,,,,,,,,,,,,,,,,,1,,,,,,,,,,,,,1,,,,,,,,,,1,,,,,,,1,,,,,,,,,,,,,,,,,,,,1,,,,,,1,,,,,,,,,,,,,,,,,,,,,,,,,,,,,,,,,,,,,,,,,1,,,,,,,,,,,,1,,,,,,,,,,,,1,,,,,,,,,,,,,1,,,,,,,,,,,,,,,,,1,,,,,,,,,,,,,1,,,,,,,,,,,,,,,,
Zanthoxylum,TRSH,pollen,NISP,,1,,2,2,2,1,2,,1,1,2,1,,,1,1,2,,1,2,1,,1,2,1,,,1,1,1,2,,,,,,,1,,,,,2,,,,,,,,,,,,,,1,,,,,,,,,,,,2,1,,,,,,,,,,,,,,1,,,,,,,,,,,,,,1,,,,,,,,,,,,,,,,,2,,,,,,,,,,,,,,,,3,,,,,,,,,3,2,1,,,,,,,,,,,,,,1,,,,,,,,,,,,,,,,,,,3,,,,,,,,,,,,,,,,1,,,,,,,,,,,,,,,,,3,,,,,,,,,,,,,,,,,2,1,,,,,,,,,,,,,,,,,,,,,,,,,,,,,,1,,,,,,,,,,,,,,,,,,,,,,,,,,,,,,,,,,,,,,,,,,,,,