depth,age,Abies,Pinus,Juniperus,Taxus,Alnus,Acer,Betula,Castanea,Corylus,Fagus,Fraxinus,Juglans,Olea,Evergreen Quercus,Deciduous Quercus,Salix,Tilia,Ulmus,Ilex,Hedera,Buxus,Caprifoliaceae t Sambucus,Caprifoliaceae t Viburnum,Cistaceae t Cistus,Ephedra distachya,Ephedra fragilis,Ericaceae,Ericaceae t Calluna vulgaris,Fabaceae t Cytisus,Lamiaceae t Thymus,Lamiaceae t Rosmarinus,Phillyrea,Rhamnus,Ribes,Rosaceae t. Prunus,Rosaceae,Poaceae,Cerealia type,Alisma,Amaryllidaceae,Apiaceae,Asphodelus,Asteraceae Artemisia,Asteraceae Centaurea,Asteraceae Cichorioideae,Asteraceae Asteroideae,Asteraceae Carduae,Boraginaceae,Boraginaceae t Borago,Boraginaceae t Echium,Brassicaceae,Campanulaceae t Campanula,Campanulaceae,Caprifoliaceae t Centranthus,Caryophyllaceae,Caryophyllaceae tricolpore t Spergularia,Chenopodiaceae,Cistaceae t Helianthemum,Crassulaceae,Crocus,Epilobium,Erodium,Euphrasia/Rhinanthus,Fabaceae t Lathyrus/Vicia,Fabaceae t Lotus,Fabaceae t Trifolium,Fumariaceae t Hypecoum,Gentiana,Geranium,Hypericum,Iridaceae,Lamiaceae tricolpe t Lamium,Lamiaceae t Mentha,Liliaceae,Orobanchaceae,Pinguicula,Plantago,Plantago t media/major,Plumbaginaceae tricolpe t Ceratostigma,Polygonum,Primulaceae t Androsace,Primulaceae t Primula,Ranunculaceae,Ranunculaceae t Aconitum,Ranunculaceae t Delphinium,Ranunculaceae t Thalictrum,Ranunculaceae t Helleborus,Rosaceae t Filipendula,Rosaceae t Potentilla,Rosaceae t Sanguisorba,Rubiaceae,Rubiaceae t Gallium,Rumex,Saxifraga,Scrophulariaceae tricolpore,Scrophulariaceae tricolpe,Scrophulariaceae dicolpe t Pedicularis,Scrophulariaceae t Veronica,Thymeleaceae,Urticaceae,Urtica,Viola,Cyperaceae,Juncaceae,Ranunculaceae t Ranunculus,Sparganium,Typha,Callitriche,Myriophyllum,Nymphaea,Potamogeton,Utricularia,Undetermined
390,863,199.439215408248,437.899146874631,69.3701618811296,0,0,0,30.3494458229942,0,26.0138107054236,342.515174288078,4.3356351175706,0,13.0069053527118,0,169.089769585253,4.3356351175706,4.3356351175706,17.3425404702824,4.3356351175706,0,17.3425404702824,0,0,0,0,0,17.3425404702824,0,0,0,0,0,0,0,4.3356351175706,0,125.733418409547,17.3425404702824,0,0,69.3701618811296,0,21.678175587853,0,65.034526763559,17.3425404702824,0,0,0,0,0,0,0,0,13.0069053527118,0,8.6712702351412,4.3356351175706,0,0,0,13.0069053527118,0,0,0,0,0,0,0,0,0,13.0069053527118,0,8.6712702351412,0,0,130.069053527118,0,0,0,0,8.6712702351412,0,0,0,0,0,0,8.6712702351412,0,0,0,17.3425404702824,0,0,0,0,0,0,0,0,0,60.6988916459884,34.6850809405648,17.3425404702824,0,0,13.0069053527118,13.0069053527118,17.3425404702824,0,0,177.761039820395
395,959,266.830453564925,695.163550077042,84.2622484941869,0,0,0,21.0655621235467,0,21.0655621235467,470.46422075921,0,0,35.1092702059112,49.1529782882757,259.808599523743,7.02185404118224,0,0,0,0,28.087416164729,0,7.02185404118224,0,0,0,42.1311242470934,0,0,0,0,14.0437080823645,0,0,0,7.02185404118224,182.568205070738,0,0,0,14.0437080823645,0,119.371518700098,0,91.2841025353691,21.0655621235467,0,0,0,0,0,0,0,0,7.02185404118224,0,49.1529782882757,14.0437080823645,0,0,0,0,7.02185404118224,0,14.0437080823645,0,0,0,0,0,0,0,0,0,0,0,133.415226782463,0,0,0,0,0,0,0,0,28.087416164729,7.02185404118224,0,0,0,0,7.02185404118224,28.087416164729,7.02185404118224,0,28.087416164729,0,0,0,0,35.1092702059112,0,98.3059565765514,0,7.02185404118224,0,0,0,0,56.1748323294579,0,0,0
398,1020,282.078021978022,789.818461538461,43.8788034188034,0,25.073601953602,0,31.3420024420024,0,37.6104029304029,488.935238095238,0,6.26840048840049,12.536800976801,37.6104029304029,257.00442002442,0,6.26840048840049,0,0,0,12.536800976801,0,6.26840048840049,0,0,0,18.8052014652015,6.26840048840049,0,0,12.536800976801,0,12.536800976801,0,0,0,169.246813186813,31.3420024420024,0,0,12.536800976801,0,106.562808302808,0,12.536800976801,0,0,0,0,6.26840048840049,6.26840048840049,0,0,0,12.536800976801,0,37.6104029304029,0,0,0,0,0,0,0,12.536800976801,18.8052014652015,0,0,0,0,0,6.26840048840049,0,0,0,0,112.831208791209,0,0,0,0,0,0,0,0,12.536800976801,0,0,25.073601953602,0,0,0,18.8052014652015,0,0,56.4156043956044,0,0,0,0,0,0,106.562808302808,18.8052014652015,18.8052014652015,0,0,0,0,50.1472039072039,0,0,87.7576068376068
403,1077,255.733515194063,558.825088757396,142.074175107813,0,9.47161167385418,0,47.3580583692709,9.47161167385418,18.9432233477084,644.069593822084,0,0,75.7728933908334,0,255.733515194063,18.9432233477084,0,18.9432233477084,0,0,18.9432233477084,0,9.47161167385418,0,0,0,47.3580583692709,18.9432233477084,0,0,0,0,0,0,18.9432233477084,0,170.489010129375,37.8864466954167,0,0,75.7728933908334,0,170.489010129375,0,113.65934008625,28.4148350215625,0,0,0,0,28.4148350215625,9.47161167385418,0,0,18.9432233477084,0,56.8296700431251,18.9432233477084,0,9.47161167385418,0,9.47161167385418,9.47161167385418,0,0,9.47161167385418,0,9.47161167385418,0,0,0,18.9432233477084,0,0,0,0,265.205126867917,0,0,0,9.47161167385418,0,0,0,0,56.8296700431251,0,0,9.47161167385418,0,0,0,75.7728933908334,37.8864466954167,28.4148350215625,66.3012817169792,0,0,0,0,28.4148350215625,0,170.489010129375,37.8864466954167,18.9432233477084,37.8864466954167,0,0,0,208.375456824792,0,0,161.017398455521
406,1106,463.370906539075,549.762092503987,125.659906858054,0,70.6836976076555,15.7074883572568,31.4149767145136,0,78.5374417862839,918.888068899521,0,0,7.85374417862839,54.9762092503987,149.221139393939,0,0,0,0,0,47.1224650717703,0,0,0,0,0,47.1224650717703,7.85374417862839,0,0,0,0,0,0,15.7074883572568,0,259.173557894737,70.6836976076555,0,0,54.9762092503987,0,149.221139393939,0,70.6836976076555,39.2687208931419,0,0,0,7.85374417862839,0,7.85374417862839,0,0,0,0,15.7074883572568,0,0,0,0,7.85374417862839,0,7.85374417862839,15.7074883572568,0,0,0,0,0,0,7.85374417862839,0,0,0,0,149.221139393939,15.7074883572568,0,0,0,0,0,0,0,0,0,0,39.2687208931419,0,0,0,23.5612325358852,0,7.85374417862839,62.8299534290271,0,0,0,0,0,0,227.758581180223,62.8299534290271,0,0,0,0,0,70.6836976076555,0,0,70.6836976076555
411,1180,310.943181818182,382.015909090909,44.4204545454545,0,26.6522727272727,0,53.3045454545455,0,44.4204545454545,510.835227272727,0,0,17.7681818181818,22.2102272727273,199.892045454545,4.44204545454545,0,8.88409090909091,0,0,13.3261363636364,13.3261363636364,0,0,0,0,13.3261363636364,4.44204545454545,13.3261363636364,8.88409090909091,0,0,0,0,22.2102272727273,4.44204545454545,164.355681818182,17.7681818181818,0,4.44204545454545,22.2102272727273,0,57.7465909090909,0,31.0943181818182,8.88409090909091,0,0,0,0,0,0,4.44204545454545,0,0,0,13.3261363636364,4.44204545454545,0,0,0,0,8.88409090909091,4.44204545454545,4.44204545454545,4.44204545454545,0,0,0,0,0,13.3261363636364,0,4.44204545454545,8.88409090909091,0,115.493181818182,0,0,0,0,13.3261363636364,0,0,0,4.44204545454545,0,0,26.6522727272727,0,0,0,22.2102272727273,31.0943181818182,13.3261363636364,8.88409090909091,0,0,4.44204545454545,0,8.88409090909091,0,168.797727272727,26.6522727272727,4.44204545454545,22.2102272727273,0,0,0,35.5363636363636,13.3261363636364,4.44204545454545,31.0943181818182
415,1283,240.514539969834,232.220935143288,58.055233785822,0,16.587209653092,0,95.376455505279,0,41.46802413273,311.010180995475,0,0,0,24.880814479638,132.697677224736,0,4.146802413273,16.587209653092,0,0,4.146802413273,0,12.440407239819,0,0,0,4.146802413273,8.293604826546,8.293604826546,24.880814479638,4.146802413273,0,0,0,0,0,149.284886877828,8.293604826546,0,16.587209653092,24.880814479638,0,41.46802413273,0,62.202036199095,16.587209653092,0,0,0,0,0,0,0,0,12.440407239819,0,29.027616892911,8.293604826546,0,0,0,8.293604826546,0,4.146802413273,8.293604826546,4.146802413273,0,0,0,0,0,12.440407239819,0,0,0,0,58.055233785822,0,0,0,0,0,0,0,0,8.293604826546,0,4.146802413273,4.146802413273,0,0,4.146802413273,24.880814479638,0,0,4.146802413273,4.146802413273,0,0,0,0,0,153.431689291101,24.880814479638,0,0,0,0,0,12.440407239819,0,0,82.93604826546
419,1375,216.60683839039,354.44755372973,35.444755372973,0,3.93830615255255,0,27.5681430678679,0,7.87661230510511,196.915307627628,0,0,3.93830615255255,15.7532246102102,114.210878424024,11.8149184576577,3.93830615255255,15.7532246102102,0,0,7.87661230510511,0,0,0,0,3.93830615255255,27.5681430678679,7.87661230510511,0,0,0,0,0,0,0,0,177.223776864865,11.8149184576577,0,0,31.5064492204204,0,27.5681430678679,0,11.8149184576577,3.93830615255255,0,0,0,0,3.93830615255255,3.93830615255255,0,0,0,0,19.6915307627628,0,7.87661230510511,0,0,11.8149184576577,3.93830615255255,0,7.87661230510511,3.93830615255255,0,0,0,0,0,3.93830615255255,0,0,0,0,31.5064492204204,0,0,0,0,0,0,0,0,0,0,0,0,0,0,0,19.6915307627628,7.87661230510511,0,7.87661230510511,0,0,0,0,3.93830615255255,0,102.395959966366,19.6915307627628,19.6915307627628,0,0,0,7.87661230510511,39.3830615255255,0,0,23.6298369153153
423,1479,332.926024250289,870.046676707423,13.3170409700116,0,17.7560546266821,0,39.9511229100347,0,17.7560546266821,155.365477983468,0,0,4.43901365667053,44.3901365667052,186.438573580162,0,0,0,0,0,0,0,0,0,0,4.43901365667053,8.87802731334105,0,4.43901365667053,4.43901365667053,0,0,0,0,0,0,146.487450670127,8.87802731334105,0,4.43901365667053,31.0730955966937,0,44.3901365667052,0,0,4.43901365667053,4.43901365667053,0,0,0,0,0,0,0,4.43901365667053,0,13.3170409700116,4.43901365667053,0,0,0,0,0,0,0,0,0,0,0,0,0,4.43901365667053,0,0,0,0,4.43901365667053,0,0,0,0,0,0,0,0,4.43901365667053,0,8.87802731334105,4.43901365667053,0,0,0,17.7560546266821,0,0,84.34125947674,0,0,0,0,0,0,66.5852048500579,8.87802731334105,26.6340819400231,0,4.43901365667053,0,62.1461911933873,13.3170409700116,0,0,62.1461911933873
427,1559,358.337634130575,2310.33474636818,122.589190623618,0,0,0,18.8598754805566,0,75.4395019222264,396.057385091688,0,0,0,28.2898132208349,160.308941584731,18.8598754805566,0,18.8598754805566,0,0,9.4299377402783,0,0,0,0,28.2898132208349,47.1496887013915,0,28.2898132208349,9.4299377402783,0,0,0,0,9.4299377402783,18.8598754805566,480.926824754193,0,0,9.4299377402783,47.1496887013915,0,103.729315143061,0,9.4299377402783,28.2898132208349,0,0,0,0,0,0,0,0,0,0,9.4299377402783,0,0,0,0,0,0,0,0,9.4299377402783,9.4299377402783,0,9.4299377402783,0,0,0,0,9.4299377402783,0,9.4299377402783,18.8598754805566,0,0,0,0,0,0,0,0,9.4299377402783,0,0,0,0,0,9.4299377402783,9.4299377402783,0,9.4299377402783,0,0,9.4299377402783,0,0,18.8598754805566,0,179.168817065288,0,0,0,0,9.4299377402783,0,0,18.8598754805566,0,66.0095641819481
431,1668,78.0644986149585,1040.85998153278,36.4300993536473,0,5.2042999076639,0,10.4085998153278,0,36.4300993536473,192.559096583564,5.2042999076639,0,0,0,124.903197783933,10.4085998153278,0,10.4085998153278,0,0,0,0,0,0,0,0,10.4085998153278,5.2042999076639,0,5.2042999076639,0,0,0,0,5.2042999076639,0,187.3547966759,0,0,0,10.4085998153278,0,88.4730984302862,0,41.6343992613112,10.4085998153278,0,0,5.2042999076639,0,0,0,0,0,5.2042999076639,0,5.2042999076639,0,0,0,0,0,0,0,5.2042999076639,5.2042999076639,0,0,0,0,0,10.4085998153278,0,0,0,5.2042999076639,67.6558987996307,0,0,0,0,0,0,0,0,0,0,0,0,0,0,0,20.8171996306556,0,5.2042999076639,20.8171996306556,0,0,0,0,0,0,72.8601987072945,15.6128997229917,0,0,0,0,10.4085998153278,0,0,0,67.6558987996307
435,1778,107.05414957788,568.725169632489,63.5634013118664,0,3.34544217430876,0,26.7635373944701,0,26.7635373944701,143.854013495277,0,0,10.0363265229263,26.7635373944701,183.999319586982,3.34544217430876,0,0,0,3.34544217430876,16.7272108715438,0,0,0,0,0,20.0726530458526,0,10.0363265229263,6.69088434861752,0,0,0,0,0,0,66.9088434861752,0,0,0,20.0726530458526,0,40.1453060917051,0,16.7272108715438,3.34544217430876,3.34544217430876,0,0,0,0,0,0,0,10.0363265229263,0,6.69088434861752,0,0,0,0,0,0,0,10.0363265229263,13.381768697235,0,0,13.381768697235,0,0,20.0726530458526,0,6.69088434861752,0,0,26.7635373944701,0,0,0,0,3.34544217430876,0,0,0,0,0,0,0,0,0,0,6.69088434861752,0,6.69088434861752,3.34544217430876,0,3.34544217430876,0,0,6.69088434861752,0,83.636054357719,0,20.0726530458526,0,0,0,10.0363265229263,6.69088434861752,0,0,63.5634013118664
439,1880,101.931963702359,335.775880431301,14.9899946621117,0,29.9799893242233,0,8.993996797267,0,38.9739861214903,113.923959432049,0,0,0,14.9899946621117,134.909951959005,0,0,0,0,0,0,0,0,0,0,0,5.99599786484467,0,0,2.99799893242233,0,0,0,2.99799893242233,5.99599786484467,0,38.9739861214903,0,0,0,11.9919957296893,0,35.975987189068,0,11.9919957296893,2.99799893242233,0,0,0,0,0,2.99799893242233,0,0,5.99599786484467,0,2.99799893242233,0,0,0,0,0,0,0,0,0,0,0,0,0,0,5.99599786484467,0,0,0,0,23.9839914593787,2.99799893242233,0,0,5.99599786484467,0,0,0,0,11.9919957296893,0,0,11.9919957296893,0,0,0,5.99599786484467,0,5.99599786484467,26.981990391801,0,0,0,0,0,0,38.9739861214903,8.993996797267,8.993996797267,0,2.99799893242233,0,0,0,0,0,65.9559765132913
443,1940,491.109075653801,905.297452711223,29.5848840755302,0,29.5848840755302,0,23.6679072604241,0,59.1697681510603,272.180933494878,0,0,0,11.8339536302121,307.682794385514,5.91697681510603,0,0,0,0,11.8339536302121,0,0,0,0,0,47.3358145208483,0,23.6679072604241,5.91697681510603,5.91697681510603,11.8339536302121,0,0,0,5.91697681510603,65.0867449661664,0,0,0,59.1697681510603,0,94.6716290416965,0,29.5848840755302,29.5848840755302,0,0,0,11.8339536302121,0,0,0,0,41.4188377057422,0,5.91697681510603,0,0,0,0,0,0,0,5.91697681510603,17.7509304453181,0,0,0,0,0,11.8339536302121,0,17.7509304453181,0,0,35.5018608906362,0,0,0,0,0,0,0,0,11.8339536302121,0,0,0,0,0,0,17.7509304453181,0,17.7509304453181,23.6679072604241,0,0,0,11.8339536302121,5.91697681510603,0,106.505582671909,0,41.4188377057422,0,0,0,11.8339536302121,0,0,0,153.841397192757
447,2003,366.53988171608,849.947551805403,31.8730331927026,0,26.5608609939188,0,74.3704107829727,0,79.6825829817565,350.603365119729,0,0,5.31217219878377,0,276.232954336756,0,0,0,0,0,0,0,10.6243443975675,0,0,0,26.5608609939188,0,15.9365165963513,5.31217219878377,0,0,0,0,5.31217219878377,0,69.058238584189,5.31217219878377,0,0,31.8730331927026,0,69.058238584189,0,21.2486887951351,15.9365165963513,0,0,0,5.31217219878377,0,0,0,0,5.31217219878377,0,37.1852053914864,0,0,0,0,0,5.31217219878377,0,5.31217219878377,0,0,0,0,0,0,5.31217219878377,0,0,0,0,15.9365165963513,0,0,0,0,0,0,0,0,5.31217219878377,0,0,10.6243443975675,0,0,0,26.5608609939188,0,0,53.1217219878377,0,0,0,0,0,0,84.9947551805403,0,0,0,0,0,5.31217219878377,0,0,0,53.1217219878377
451,2139,203.151682811016,609.455048433048,33.0712041785375,0,23.6222886989554,0,14.1733732193732,0,56.6934928774929,264.5696334283,9.44891547958215,0,14.1733732193732,23.6222886989554,217.325056030389,0,0,4.72445773979107,0,0,0,0,0,0,0,0,9.44891547958215,0,18.8978309591643,4.72445773979107,0,0,0,0,0,4.72445773979107,66.142408357075,4.72445773979107,0,0,9.44891547958215,0,37.7956619183286,0,18.8978309591643,4.72445773979107,0,0,0,0,0,0,0,0,0,0,4.72445773979107,9.44891547958215,0,0,0,0,18.8978309591643,0,0,0,0,0,0,0,0,9.44891547958215,0,0,0,0,28.3467464387464,0,0,0,0,0,0,0,0,0,0,0,0,0,0,0,14.1733732193732,14.1733732193732,0,4.72445773979107,0,0,0,0,4.72445773979107,0,47.2445773979107,18.8978309591643,4.72445773979107,0,0,0,9.44891547958215,0,4.72445773979107,0,51.9690351377018
455,2361,238.427210702341,422.924457079153,5.67683835005574,0,0,0,11.3536767001115,0,25.5457725752508,190.174084726867,0,0,17.0305150501672,19.8689342251951,201.527761426979,0,0,0,0,0,2.83841917502787,0,0,0,0,2.83841917502787,11.3536767001115,2.83841917502787,31.2226109253066,2.83841917502787,0,0,0,0,0,0,82.3141560758082,2.83841917502787,0,0,11.3536767001115,0,28.3841917502787,0,8.51525752508361,2.83841917502787,0,0,0,0,2.83841917502787,0,0,0,2.83841917502787,0,11.3536767001115,0,0,0,0,2.83841917502787,0,2.83841917502787,0,0,0,0,0,0,0,0,0,0,0,0,25.5457725752508,0,0,0,0,0,0,0,0,5.67683835005574,0,0,14.1920958751394,0,0,0,14.1920958751394,0,2.83841917502787,39.7378684503902,5.67683835005574,0,0,0,0,0,31.2226109253066,0,0,0,0,0,0,0,0,0,31.2226109253066
460,2602,233.30056097561,761.296567394095,45.0229152759949,0,8.18598459563543,0,24.5579537869063,0,49.1159075738126,143.25473042362,0,0,12.2789768934531,28.650946084724,249.672530166881,4.09299229781772,0,4.09299229781772,0,4.09299229781772,0,0,0,0,0,0,8.18598459563543,0,4.09299229781772,4.09299229781772,4.09299229781772,0,0,0,0,24.5579537869063,110.510792041078,0,0,12.2789768934531,12.2789768934531,0,24.5579537869063,0,0,4.09299229781772,0,0,0,0,0,0,0,0,4.09299229781772,0,12.2789768934531,0,4.09299229781772,0,0,0,4.09299229781772,0,4.09299229781772,0,0,0,8.18598459563543,0,0,0,0,8.18598459563543,0,0,20.4649614890886,0,0,0,0,16.3719691912709,12.2789768934531,0,0,4.09299229781772,0,0,0,0,0,0,12.2789768934531,8.18598459563543,4.09299229781772,0,4.09299229781772,4.09299229781772,0,0,4.09299229781772,4.09299229781772,114.603784338896,0,16.3719691912709,0,0,0,0,4.09299229781772,8.18598459563543,0,65.4878767650834
463,2708,72.2394576107501,893.963287933032,18.0598644026875,0,0,0,22.5748305033594,0,40.6346949060469,248.323135536953,0,0,9.02993220134376,54.1795932080625,343.137423651063,9.02993220134376,0,9.02993220134376,0,0,4.51496610067188,0,9.02993220134376,0,0,0,9.02993220134376,0,36.119728805375,0,4.51496610067188,0,0,0,4.51496610067188,0,185.113610127547,9.02993220134376,0,0,31.6047627047032,0,45.1496610067188,0,18.0598644026875,9.02993220134376,0,0,0,0,0,4.51496610067188,0,0,4.51496610067188,0,13.5448983020156,0,0,0,0,0,4.51496610067188,0,4.51496610067188,0,0,0,9.02993220134376,0,0,13.5448983020156,0,0,0,0,36.119728805375,0,0,4.51496610067188,0,0,0,0,0,9.02993220134376,0,9.02993220134376,4.51496610067188,0,0,0,13.5448983020156,0,0,36.119728805375,0,0,0,0,0,0,54.1795932080625,0,4.51496610067188,0,0,0,0,0,0,0,54.1795932080625
468,2863,348.637080701754,1165.18182234534,137.619900277008,0,18.3493200369344,0,18.3493200369344,0,155.969220313943,293.589120590951,0,0,0,137.619900277008,761.496781532779,18.3493200369344,0,0,0,18.3493200369344,0,0,0,0,0,0,27.5239800554017,0,27.5239800554017,0,9.17466001846722,27.5239800554017,0,0,0,18.3493200369344,192.667860387812,9.17466001846722,0,0,18.3493200369344,0,100.921260203139,0,45.8733000923361,18.3493200369344,0,0,0,0,18.3493200369344,0,0,0,18.3493200369344,0,27.5239800554017,0,9.17466001846722,0,0,0,0,0,9.17466001846722,18.3493200369344,0,0,9.17466001846722,0,0,9.17466001846722,0,0,0,0,91.7466001846722,9.17466001846722,0,0,9.17466001846722,9.17466001846722,45.8733000923361,0,0,36.6986400738689,0,0,0,0,0,0,36.6986400738689,9.17466001846722,9.17466001846722,36.6986400738689,0,0,0,18.3493200369344,0,27.5239800554017,174.318540350877,0,0,0,9.17466001846722,0,0,0,0,0,211.017180424746
471,2960,135.126916964286,450.423056547619,12.2842651785714,0,28.6632854166667,0,24.5685303571429,0,49.1370607142857,143.316427083333,4.09475505952381,8.18951011904762,8.18951011904762,53.2318157738095,262.064323809524,4.09475505952381,0,0,0,0,4.09475505952381,0,8.18951011904762,0,0,4.09475505952381,4.09475505952381,4.09475505952381,36.8527955357143,4.09475505952381,0,0,0,0,0,0,81.8951011904762,0,0,8.18951011904762,36.8527955357143,4.09475505952381,53.2318157738095,0,16.3790202380952,0,0,0,0,0,0,4.09475505952381,0,0,12.2842651785714,0,0,0,8.18951011904762,0,0,0,8.18951011904762,0,0,0,0,4.09475505952381,0,0,0,0,0,0,0,0,8.18951011904762,0,0,0,0,0,0,0,0,8.18951011904762,0,0,16.3790202380952,0,0,0,16.3790202380952,0,0,20.473775297619,4.09475505952381,0,0,0,0,0,57.3265708333333,0,0,0,4.09475505952381,0,0,0,0,0,28.6632854166667
476,3124,257.593457305503,2060.74765844402,114.485981024668,0,9.54049841872233,0,47.7024920936116,0,124.02647944339,295.755450980392,9.54049841872233,0,9.54049841872233,124.02647944339,734.618378241619,0,0,47.7024920936116,9.54049841872233,0,9.54049841872233,0,0,0,0,0,19.0809968374447,0,85.864485768501,19.0809968374447,0,0,0,0,9.54049841872233,76.3239873497786,257.593457305503,9.54049841872233,0,0,19.0809968374447,0,104.945482605946,0,0,9.54049841872233,0,0,0,9.54049841872233,9.54049841872233,0,0,0,28.621495256167,0,19.0809968374447,0,9.54049841872233,0,0,0,76.3239873497786,0,47.7024920936116,19.0809968374447,0,0,0,0,0,47.7024920936116,0,0,0,0,47.7024920936116,0,0,0,0,9.54049841872233,28.621495256167,0,0,28.621495256167,0,0,0,0,0,0,19.0809968374447,47.7024920936116,9.54049841872233,76.3239873497786,0,9.54049841872233,0,0,0,0,267.133955724225,0,0,0,0,0,19.0809968374447,19.0809968374447,0,0,124.02647944339
479,3232,33.7521153568854,1125.07051189618,39.3774679163663,0,16.8760576784427,0,16.8760576784427,0,50.628173035328,202.512692141312,5.62535255948089,0,0,78.7549358327325,393.774679163663,0,0,0,0,0,11.2507051189618,0,5.62535255948089,0,0,0,11.2507051189618,16.8760576784427,101.256346070656,11.2507051189618,0,0,0,0,0,0,180.011281903389,0,0,0,39.3774679163663,0,101.256346070656,0,0,11.2507051189618,0,0,0,5.62535255948089,0,5.62535255948089,0,0,0,0,22.5014102379236,0,0,0,0,0,0,0,0,11.2507051189618,0,0,0,0,0,5.62535255948089,0,0,0,0,39.3774679163663,0,0,0,0,0,0,0,0,11.2507051189618,0,16.8760576784427,0,0,0,0,5.62535255948089,0,0,33.7521153568854,0,0,0,0,0,0,33.7521153568854,22.5014102379236,0,11.2507051189618,0,0,11.2507051189618,0,0,0,73.1295832732516
484,3346,344.857823617868,3384.71567624945,63.8625599292349,0,12.772511985847,0,38.3175359575409,0,153.270143830164,638.625599292349,0,0,0,114.952607872623,1417.74883042901,0,0,0,12.772511985847,0,25.5450239716939,0,0,0,0,0,25.5450239716939,0,38.3175359575409,0,12.772511985847,0,0,0,0,25.5450239716939,306.540287660327,0,0,0,89.4075839009288,0,166.042655816011,0,12.772511985847,38.3175359575409,0,0,0,0,12.772511985847,0,0,0,12.772511985847,0,63.8625599292349,12.772511985847,0,0,0,0,51.0900479433879,0,0,12.772511985847,0,0,0,0,0,0,0,0,0,0,89.4075839009288,0,0,0,0,0,38.3175359575409,0,0,0,0,0,0,0,0,0,12.772511985847,12.772511985847,0,12.772511985847,0,12.772511985847,0,0,0,0,268.222751702786,0,0,0,12.772511985847,0,12.772511985847,0,0,0,204.360191773552
487,3405,128.545654834761,983.374259485924,25.7091309669523,0,25.7091309669523,0,57.8455446756426,0,160.682068543452,218.527613219094,12.8545654834761,0,0,70.7001101591188,572.028164014688,0,0,6.42728274173807,0,0,0,0,0,0,0,0,0,19.2818482252142,83.5546756425949,6.42728274173807,0,0,0,0,0,0,96.409241126071,0,0,0,70.7001101591188,0,77.1273929008568,0,0,0,0,0,0,6.42728274173807,0,0,0,0,12.8545654834761,0,19.2818482252142,6.42728274173807,0,0,0,0,0,0,0,0,0,6.42728274173807,0,0,0,32.1364137086903,0,0,0,0,51.4182619339045,0,0,0,0,0,0,0,0,0,0,0,0,0,0,0,12.8545654834761,12.8545654834761,0,0,0,0,0,0,0,0,83.5546756425949,38.5636964504284,0,6.42728274173807,0,0,0,0,0,0,19.2818482252142
492,3509,218.401465564738,3853.22585674931,124.800837465565,0,78.000523415978,0,109.200732782369,0,187.201256198347,312.002093663912,31.2002093663912,0,31.2002093663912,109.200732782369,1279.20858402204,0,0,15.6001046831956,0,0,46.8003140495868,0,0,0,0,0,31.2002093663912,0,31.2002093663912,0,31.2002093663912,0,0,0,0,0,265.201779614325,0,0,0,31.2002093663912,0,62.4004187327824,0,124.800837465565,46.8003140495868,0,0,0,0,15.6001046831956,0,0,0,109.200732782369,0,46.8003140495868,31.2002093663912,0,0,0,15.6001046831956,15.6001046831956,0,109.200732782369,62.4004187327824,0,15.6001046831956,0,46.8003140495868,0,0,0,0,0,0,109.200732782369,0,0,0,0,0,0,0,0,0,0,0,0,0,0,0,15.6001046831956,0,0,0,0,31.2002093663912,0,0,0,0,265.201779614325,0,31.2002093663912,0,0,0,93.6006280991735,15.6001046831956,0,0,202.801360881543
495,3576,277.345165289256,1553.13292561983,133.125679338843,0,77.6566462809917,11.0938066115702,199.688519008264,0,210.782325619835,432.65845785124,66.5628396694215,0,22.1876132231405,144.219485950413,1275.78776033058,11.0938066115702,11.0938066115702,0,0,0,22.1876132231405,0,0,0,0,0,22.1876132231405,22.1876132231405,110.938066115702,22.1876132231405,0,0,0,0,0,0,532.502717355372,0,0,0,77.6566462809917,0,66.5628396694215,0,22.1876132231405,22.1876132231405,0,0,0,0,0,22.1876132231405,0,0,0,0,33.2814198347107,0,0,0,0,0,0,0,11.0938066115702,0,0,0,0,0,0,0,0,0,0,0,99.8442595041322,22.1876132231405,0,11.0938066115702,11.0938066115702,0,0,0,0,0,0,0,44.375226446281,0,0,0,44.375226446281,0,0,77.6566462809917,0,0,0,0,0,0,66.5628396694215,0,0,0,0,0,0,0,0,0,133.125679338843
500,3674,209.562110476191,990.65724952381,142.883257142857,0,47.6277523809524,0,123.832156190476,0,200.03656,171.459908571429,19.051100952381,0,0,95.2555047619048,1009.70835047619,9.52555047619048,0,0,0,0,9.52555047619048,0,9.52555047619048,0,0,0,19.051100952381,28.5766514285714,0,9.52555047619048,9.52555047619048,0,19.051100952381,0,0,0,161.934358095238,0,0,0,142.883257142857,0,47.6277523809524,0,66.6788533333333,28.5766514285714,0,0,0,0,9.52555047619048,0,0,0,38.1022019047619,0,9.52555047619048,28.5766514285714,0,0,0,0,28.5766514285714,9.52555047619048,28.5766514285714,0,0,0,19.051100952381,0,9.52555047619048,47.6277523809524,0,0,0,0,66.6788533333333,0,0,28.5766514285714,0,9.52555047619048,0,0,0,9.52555047619048,0,0,0,0,0,0,9.52555047619048,0,9.52555047619048,28.5766514285714,0,9.52555047619048,0,0,0,0,228.613211428571,0,0,0,0,0,38.1022019047619,9.52555047619048,19.051100952381,0,171.459908571429
503,3719,120.504640350877,538.254060233918,224.941995321637,0,48.2018561403509,0,241.009280701754,8.03364269005848,88.3700695906433,200.841067251462,16.067285380117,0,8.03364269005848,128.538283040936,723.027842105263,16.067285380117,0,0,0,0,24.1009280701754,0,8.03364269005848,0,0,0,32.1345707602339,8.03364269005848,64.2691415204678,0,0,16.067285380117,0,0,0,0,345.446635672515,0,0,0,24.1009280701754,0,32.1345707602339,0,16.067285380117,8.03364269005848,0,0,0,0,0,0,0,0,0,0,32.1345707602339,0,0,0,0,0,0,0,0,0,0,8.03364269005848,0,0,0,0,0,0,0,0,40.1682134502924,0,0,8.03364269005848,0,0,0,0,0,8.03364269005848,0,0,32.1345707602339,8.03364269005848,0,0,40.1682134502924,0,0,0,0,0,0,0,0,0,112.470997660819,24.1009280701754,0,0,0,0,0,24.1009280701754,0,0,56.2354988304094
508,3785,616.319,1418.967,157.663,0,42.999,14.333,85.998,0,85.998,386.991,0,0,28.666,42.999,1676.961,0,0,14.333,0,0,28.666,0,14.333,0,0,0,114.664,28.666,28.666,14.333,14.333,0,14.333,0,0,57.332,229.328,0,0,0,143.33,0,14.333,0,28.666,0,0,0,0,0,0,85.998,0,14.333,71.665,0,57.332,28.666,14.333,0,14.333,0,0,0,28.666,0,0,0,0,0,0,14.333,0,0,0,0,28.666,0,0,0,0,0,57.332,0,0,0,0,0,0,0,0,0,42.999,0,42.999,14.333,28.666,0,0,14.333,0,0,358.325,0,0,0,0,0,57.332,42.999,0,0,257.994
511,3830,146.803042990654,250.985847693699,66.2981484473922,0,56.826984383479,0,89.9760586071752,0,61.5625664154356,175.216535182394,0,0,0,71.0337304793488,364.639816460657,4.73558203195659,9.47116406391318,0,4.73558203195659,0,0,0,4.73558203195659,0,0,0,9.47116406391318,4.73558203195659,0,0,4.73558203195659,14.2067460958698,0,0,0,0,66.2981484473922,0,0,0,66.2981484473922,4.73558203195659,66.2981484473922,0,42.6202382876093,4.73558203195659,0,0,0,0,0,4.73558203195659,0,0,23.6779101597829,0,18.9423281278264,0,0,0,0,0,0,0,0,0,0,0,0,0,0,14.2067460958698,0,0,0,0,33.1490742236961,0,0,9.47116406391318,0,4.73558203195659,0,0,0,0,0,14.2067460958698,4.73558203195659,0,0,0,4.73558203195659,0,0,14.2067460958698,0,0,0,0,0,0,85.2404765752186,14.2067460958698,14.2067460958698,0,0,0,0,0,0,0,118.389550798915
516,3910,218.84017083462,523.653265925697,148.498687352063,0,7.81572038695071,0,93.7886446434085,0,109.42008541731,70.3414834825564,0,0,0,62.5257630956057,648.704792116909,7.81572038695071,7.81572038695071,7.81572038695071,0,0,23.4471611608521,0,0,0,7.81572038695071,0,7.81572038695071,31.2628815478028,0,15.6314407739014,0,7.81572038695071,0,0,0,15.6314407739014,93.7886446434085,0,15.6314407739014,0,257.918772769373,0,62.5257630956057,7.81572038695071,101.604365030359,15.6314407739014,0,0,0,0,0,15.6314407739014,0,0,148.498687352063,15.6314407739014,23.4471611608521,23.4471611608521,7.81572038695071,0,0,0,15.6314407739014,0,7.81572038695071,0,0,0,0,0,0,15.6314407739014,0,23.4471611608521,0,0,23.4471611608521,0,0,0,0,0,0,0,7.81572038695071,0,0,7.81572038695071,0,0,0,7.81572038695071,31.2628815478028,0,7.81572038695071,0,0,0,0,0,0,0,226.655891221571,0,15.6314407739014,7.81572038695071,0,0,46.8943223217042,15.6314407739014,7.81572038695071,0,171.945848512916
519,3957,199.584970720721,242.049858108108,12.7394662162162,0,8.49297747747748,0,72.1903085585586,0,55.2043536036036,72.1903085585586,0,0,4.24648873873874,16.985954954955,250.542835585586,0,16.985954954955,12.7394662162162,0,0,12.7394662162162,0,0,0,0,0,12.7394662162162,8.49297747747748,4.24648873873874,8.49297747747748,8.49297747747748,0,0,0,0,0,29.7254211711712,0,0,0,131.641150900901,0,16.985954954955,0,25.4789324324324,21.2324436936937,0,0,0,4.24648873873874,0,0,0,0,21.2324436936937,0,16.985954954955,0,0,0,0,12.7394662162162,0,0,8.49297747747748,0,0,0,0,0,0,0,0,0,0,0,29.7254211711712,0,0,0,0,0,0,0,0,8.49297747747748,0,0,0,0,0,12.7394662162162,8.49297747747748,0,0,12.7394662162162,0,0,0,0,0,0,84.9297747747748,0,0,0,0,0,4.24648873873874,0,0,0,169.85954954955
524,4027,394.74139013252,477.361681090489,100.980355615296,0,18.3600646573265,0,110.160387943959,0,110.160387943959,36.720129314653,9.18003232866326,0,0,55.0801939719795,477.361681090489,0,18.3600646573265,0,0,0,9.18003232866326,0,0,0,0,0,18.3600646573265,18.3600646573265,0,18.3600646573265,0,36.720129314653,0,0,9.18003232866326,0,91.8003232866325,0,0,0,119.340420272622,0,73.440258629306,0,137.700484929949,18.3600646573265,0,0,0,18.3600646573265,0,0,0,0,100.980355615296,0,64.2602263006428,27.5400969859898,0,0,9.18003232866326,0,55.0801939719795,0,18.3600646573265,27.5400969859898,0,0,0,0,0,64.2602263006428,0,0,0,0,36.720129314653,0,0,0,0,0,0,18.3600646573265,0,0,0,0,0,0,0,0,27.5400969859898,0,36.720129314653,0,0,0,0,9.18003232866326,0,0,257.040905202571,0,36.720129314653,0,0,0,9.18003232866326,0,0,0,275.400969859898
527,4070,210.034226073991,278.295349548038,5.25085565184978,0,47.257700866648,0,63.0102678221974,0,147.023958251794,147.023958251794,0,0,0,42.0068452147982,414.817596496133,0,0,0,0,0,5.25085565184978,0,5.25085565184978,0,0,0,10.5017113036996,0,0,10.5017113036996,5.25085565184978,5.25085565184978,0,0,5.25085565184978,0,21.0034226073991,0,0,0,225.786793029541,0,42.0068452147982,0,78.7628347777467,36.7559895629485,0,0,0,0,0,0,0,0,120.769679992545,0,36.7559895629485,5.25085565184978,0,0,0,0,0,0,0,0,0,0,0,0,0,0,0,0,0,0,57.7594121703476,0,0,5.25085565184978,0,5.25085565184978,0,0,0,0,0,10.5017113036996,0,0,0,0,21.0034226073991,0,0,5.25085565184978,0,0,0,0,0,0,63.0102678221974,5.25085565184978,0,0,0,0,0,0,0,0,152.274813903644
532,4135,302.797587745588,318.194075258075,41.0573000333,0,30.792975024975,0,128.304062604063,0,107.775412587413,143.70055011655,0,0,0,30.792975024975,456.762462870463,5.1321625041625,5.1321625041625,5.1321625041625,0,0,5.1321625041625,0,0,0,0,0,20.52865001665,0,15.3964875124875,0,0,5.1321625041625,0,0,0,41.0573000333,56.4537875457875,0,0,15.3964875124875,76.9824375624375,0,51.321625041625,0,51.321625041625,10.264325008325,0,0,0,5.1321625041625,0,0,0,0,25.6608125208125,0,35.9251375291375,5.1321625041625,0,0,0,0,10.264325008325,5.1321625041625,15.3964875124875,25.6608125208125,0,0,0,0,0,15.3964875124875,5.1321625041625,5.1321625041625,0,0,56.4537875457875,0,0,0,0,0,0,0,0,5.1321625041625,0,0,15.3964875124875,0,0,0,5.1321625041625,20.52865001665,0,46.1894625374625,0,0,0,0,0,0,189.890012654013,56.4537875457875,0,0,0,0,10.264325008325,0,30.792975024975,0,76.9824375624375
535,4173,591.760819629303,380.417669761695,48.3070056840247,0,12.0767514210062,0,199.266398446602,12.0767514210062,156.99776847308,156.99776847308,0,0,0,30.1918785525154,483.070056840247,0,12.0767514210062,12.0767514210062,0,0,0,0,12.0767514210062,0,0,6.03837571050309,12.0767514210062,0,0,12.0767514210062,18.1151271315093,0,0,0,0,0,108.690762789056,12.0767514210062,0,0,120.767514210062,0,12.0767514210062,0,42.2686299735216,6.03837571050309,0,0,0,0,12.0767514210062,0,0,0,12.0767514210062,0,18.1151271315093,6.03837571050309,0,0,0,0,0,0,0,6.03837571050309,0,0,0,0,0,6.03837571050309,0,0,0,0,66.422132815534,0,0,0,0,0,0,0,0,0,0,6.03837571050309,0,0,0,0,18.1151271315093,0,12.0767514210062,0,0,0,0,0,0,0,96.6140113680494,48.3070056840247,0,0,0,0,0,0,0,0,175.11289560459
540,4250,724.705381265225,631.426470805345,43.0518048276371,0,0,0,150.68131689673,0,114.804812873699,265.486129770429,0,0,0,57.4024064368495,516.621657931646,28.7012032184247,28.7012032184247,28.7012032184247,14.3506016092124,0,0,0,0,0,0,21.5259024138186,7.17530080460619,0,0,0,0,0,0,0,0,7.17530080460619,129.155414482911,7.17530080460619,0,0,14.3506016092124,0,35.8765040230309,0,0,14.3506016092124,0,0,0,0,7.17530080460619,0,0,0,7.17530080460619,0,28.7012032184247,7.17530080460619,0,0,0,0,28.7012032184247,0,0,21.5259024138186,0,0,0,0,0,21.5259024138186,0,0,0,0,7.17530080460619,0,0,0,0,7.17530080460619,0,0,0,7.17530080460619,0,0,0,0,0,7.17530080460619,14.3506016092124,14.3506016092124,0,50.2271056322433,0,0,0,0,0,0,136.330715287518,28.7012032184247,0,0,0,0,28.7012032184247,0,0,0,64.5777072414557
550,4513,57.6973570457151,685.156114917867,50.4851874150008,0,14.4243392614288,0,879.884694947156,0,223.577258552146,0,57.6973570457151,0,14.4243392614288,0,656.30743639501,0,7.21216963071439,187.516410398574,0,0,7.21216963071439,0,7.21216963071439,0,0,0,0,0,0,0,0,43.2730177842864,0,0,0,0,122.606883722145,0,0,0,50.4851874150008,0,7.21216963071439,0,14.4243392614288,7.21216963071439,0,0,0,0,0,21.6365088921432,0,0,0,0,7.21216963071439,0,14.4243392614288,0,0,0,14.4243392614288,0,7.21216963071439,0,0,0,0,0,0,14.4243392614288,0,0,0,0,28.8486785228576,0,0,7.21216963071439,14.4243392614288,0,0,0,0,0,0,0,28.8486785228576,0,0,7.21216963071439,0,0,0,0,0,0,0,0,0,0,21.6365088921432,0,0,0,0,0,28.8486785228576,14.4243392614288,0,0,100.970374830002
553,4600,32.1842428038228,71.795618562374,6.18927746227362,0,3.71356647736417,0,247.571098490945,0,42.0870867434606,7.42713295472834,2.47571098490945,1.23785549245472,0,0,153.494081064386,0,1.23785549245472,18.5678323868208,0,0,8.66498844718306,0,8.66498844718306,0,0,0,1.23785549245472,1.23785549245472,4.95142196981889,1.23785549245472,0,0,0,0,0,0,18.5678323868208,0,0,0,8.66498844718306,0,8.66498844718306,0,4.95142196981889,0,0,0,0,0,0,0,1.23785549245472,0,1.23785549245472,0,1.23785549245472,0,0,0,0,0,1.23785549245472,0,2.47571098490945,0,0,0,0,0,0,1.23785549245472,0,0,0,0,9.90284393963778,0,0,0,0,0,0,0,0,0,0,2.47571098490945,6.18927746227362,0,0,0,7.42713295472834,0,0,0,2.47571098490945,0,0,0,0,0,2.47571098490945,2.47571098490945,0,0,0,0,0,2.47571098490945,0,0,18.5678323868208
558,4728,176.908741008233,113.221594245269,0,0,24.7672237411527,0,275.977635972844,0,88.4543705041166,0,21.229048920988,0,7.07634964032933,0,389.199230218113,7.07634964032933,0,88.4543705041166,3.53817482016467,0,7.07634964032933,0,0,0,0,0,3.53817482016467,3.53817482016467,21.229048920988,0,0,14.1526992806587,3.53817482016467,0,0,0,45.9962726621406,0,0,0,14.1526992806587,0,45.9962726621406,0,7.07634964032933,0,0,0,0,0,0,0,7.07634964032933,0,0,0,7.07634964032933,0,0,0,0,0,7.07634964032933,0,0,0,0,0,0,0,0,7.07634964032933,0,0,0,0,0,3.53817482016467,0,0,0,0,10.614524460494,0,0,0,0,0,7.07634964032933,0,0,0,7.07634964032933,7.07634964032933,3.53817482016467,0,0,14.1526992806587,0,0,0,0,38.9199230218113,7.07634964032933,0,0,0,0,3.53817482016467,10.614524460494,0,0,35.3817482016466
561,4890,56.6772968283043,60.6132202191587,4.72310806902536,0,4.72310806902536,0,102.334008162216,0,29.125833092323,1.57436935634179,9.44621613805071,0,0,9.44621613805071,100.759638805874,3.93592339085446,0.787184678170893,26.7642790578103,0,0,1.57436935634179,0,1.57436935634179,0,0,0,1.57436935634179,0,6.29747742536714,0.787184678170893,1.57436935634179,3.14873871268357,0,0,0,0,11.8077701725634,0.787184678170893,0,0,7.87184678170892,0,7.08466210353803,0,3.93592339085446,0,0,0,0,0,0,0,0,0,0,0,2.36155403451268,0,0,0,0,0,1.57436935634179,0,0.787184678170893,0,0,0,0,0,0,0,0,0,0,0,0.787184678170893,0,0,0.787184678170893,1.57436935634179,0,0,0,0,0,0,3.14873871268357,2.36155403451268,0,0,0,0,0,1.57436935634179,0,0,0,0,0,0,0,7.87184678170892,3.93592339085446,0.787184678170893,0,0,0,0,4.72310806902536,0,0,17.3180629197596
566,5252,77.9911127584219,74.3915229388024,7.19917963923894,0,0,0,63.592753479944,0,17.9979490980974,0,7.19917963923894,0,0,14.3983592784779,122.386053867062,1.19986327320649,0,15.5982225516844,0,0,1.19986327320649,0,3.59958981961947,0,0,0,1.19986327320649,0,0,0,0,0,0,0,0,0,41.9952145622272,0,0,0,3.59958981961947,0,3.59958981961947,0,0,2.39972654641298,0,0,0,0,0,0,1.19986327320649,0,0,0,2.39972654641298,1.19986327320649,0,0,0,0,3.59958981961947,0,0,0,0,0,0,0,0,0,0,0,0,0,1.19986327320649,0,0,0,0,0,11.9986327320649,0,0,0,0,3.59958981961947,2.39972654641298,0,0,0,2.39972654641298,0,0,4.79945309282596,0,13.1984960052714,0,0,0,0,10.7987694588584,16.7980858248909,0,0,0,0,4.79945309282596,4.79945309282596,0,0,17.9979490980974
569,5472,56.8063625386997,43.5774835913313,1.5563386996904,0,2.3345080495356,0,62.2535479876161,0,17.1197256965944,0.778169349845201,1.5563386996904,0,0,5.44718544891641,65.3662253869969,0,0.778169349845201,13.2288789473684,2.3345080495356,0,0.778169349845201,0,0.778169349845201,0,0,0,0,0.778169349845201,3.89084674922601,0,0,0.778169349845201,0,0,0,0,3.1126773993808,1.5563386996904,0,0,5.44718544891641,0,4.66901609907121,0,1.5563386996904,0,0,0,0,0,0,0,0,0,0,0,0,0,0,0,0,0,3.1126773993808,0,0,0,0,0,0,0,0,0,0,0,0,0,0.778169349845201,0,0,0.778169349845201,0,0,0,0,0,0,0,3.1126773993808,0,0,0,0,0,0,0,3.1126773993808,0,0,0,0,0,0,3.1126773993808,0,0,0,0,0,1.5563386996904,2.3345080495356,0,0,10.8943708978328
574,5551,514.593620779221,653.138057142858,19.7920623376624,0,79.1682493506494,0,2414.63160519481,0,356.257122077922,0,178.128561038961,0,19.7920623376624,39.5841246753247,1088.56342857143,19.7920623376624,0,356.257122077922,0,0,0,0,19.7920623376624,0,0,0,19.7920623376624,0,0,0,19.7920623376624,0,19.7920623376624,0,0,0,376.049184415585,0,0,0,79.1682493506494,0,118.752374025974,0,0,0,0,0,0,0,0,0,0,0,0,0,19.7920623376624,0,0,0,0,0,0,0,0,0,0,0,0,0,0,0,0,0,0,0,19.7920623376624,0,0,0,0,0,39.5841246753247,0,0,39.5841246753247,0,0,79.1682493506494,0,0,0,39.5841246753247,0,19.7920623376624,118.752374025974,0,0,0,0,0,0,98.9603116883118,0,0,0,0,0,0,0,0,0,178.128561038961
577,5585,170.27604,586.50636,151.35648,0,0,0,2005.47336,0,605.42592,0,283.7934,0,0,170.27604,1646.00172,37.83912,0,681.10416,0,0,37.83912,0,37.83912,0,0,0,0,0,75.6782400000001,0,0,0,0,0,0,0,435.14988,0,0,0,75.6782400000001,0,56.75868,0,0,37.83912,0,0,0,0,37.83912,0,0,0,0,0,18.91956,0,0,0,0,0,94.5978000000001,0,0,0,0,0,0,0,0,0,0,0,0,0,18.91956,0,0,18.91956,0,0,0,0,0,0,0,56.75868,56.75868,0,0,0,113.51736,0,0,0,0,0,0,0,0,18.91956,94.5978000000001,0,18.91956,0,0,0,0,0,18.91956,0,397.31076
582,5648,215.598223130443,627.194830924926,19.5998384664039,0,58.7995153992118,0,2057.98303897241,0,274.397738529655,19.5998384664039,274.397738529655,0,39.1996769328079,156.798707731231,2449.97980830049,39.1996769328079,58.7995153992118,470.396123193694,0,0,0,0,0,0,0,0,0,0,0,0,0,0,0,0,0,0,117.599030798424,0,0,0,78.3993538656157,0,0,0,58.7995153992118,19.5998384664039,0,0,0,0,0,0,0,0,19.5998384664039,0,0,0,0,0,0,0,0,0,0,0,0,0,0,0,0,19.5998384664039,0,0,0,0,0,0,0,39.1996769328079,0,0,0,0,0,0,0,0,58.7995153992118,0,0,0,0,0,0,78.3993538656157,0,0,0,0,0,0,156.798707731231,0,0,0,0,0,39.1996769328079,0,0,0,97.9991923320197
586,5707,88.7679242137173,266.303772641152,49.3155134520652,0,39.4524107616521,0,1775.35848427435,19.7262053808261,305.756183402804,0,167.672745737022,0,0,78.9048215233043,769.322009852217,0,19.7262053808261,128.220334975369,0,0,0,0,0,0,0,0,9.86310269041303,0,49.3155134520652,0,0,0,0,0,0,0,19.7262053808261,0,0,0,88.7679242137173,0,19.7262053808261,0,19.7262053808261,0,0,0,0,0,0,0,0,0,0,0,49.3155134520652,0,0,0,0,0,0,0,0,0,0,0,0,0,0,0,0,0,0,0,0,0,0,0,0,19.7262053808261,0,0,0,0,0,0,0,0,0,0,29.5893080712391,9.86310269041303,0,0,0,0,0,0,0,0,78.9048215233043,29.5893080712391,0,0,0,0,9.86310269041303,0,0,0,167.672745737022
591,5768,12.6248570092001,366.120853266802,0,0,37.8745710276002,0,2095.72626352721,0,479.744566349602,0,126.248570092001,0,12.6248570092001,25.2497140184001,1388.73427101201,37.8745710276002,50.4994280368002,189.372855138001,0,0,0,0,0,0,0,0,12.6248570092001,0,0,0,0,50.4994280368002,0,0,12.6248570092001,0,113.623713082801,0,0,0,176.747998128801,0,100.9988560736,0,25.2497140184001,0,0,0,0,12.6248570092001,0,0,12.6248570092001,0,0,0,50.4994280368002,0,0,0,0,0,12.6248570092001,0,0,0,0,0,0,0,0,12.6248570092001,0,0,0,0,12.6248570092001,0,0,12.6248570092001,0,12.6248570092001,0,0,0,12.6248570092001,0,0,12.6248570092001,0,0,0,12.6248570092001,0,0,50.4994280368002,0,12.6248570092001,0,0,0,0,201.997712147201,12.6248570092001,0,0,0,0,12.6248570092001,25.2497140184001,25.2497140184001,0,88.3739990644004
594,5803,0,613.287353333334,36.0757266666667,0,60.1262111111112,0,1887.96302888889,0,312.656297777778,0,432.90872,0,0,144.302906666667,1431.00382444445,12.0252422222222,36.0757266666667,420.883477777778,0,0,24.0504844444445,0,0,0,0,0,24.0504844444445,0,12.0252422222222,0,24.0504844444445,12.0252422222222,0,0,0,0,216.45436,0,0,0,48.1009688888889,0,96.2019377777778,0,0,0,0,0,0,0,0,0,12.0252422222222,0,12.0252422222222,0,36.0757266666667,0,0,0,0,0,12.0252422222222,0,0,12.0252422222222,0,0,0,0,0,0,0,0,0,0,0,0,0,0,0,0,0,0,0,0,0,72.1514533333334,24.0504844444445,0,0,0,36.0757266666667,0,0,0,12.0252422222222,0,0,0,0,0,96.2019377777778,0,0,0,0,0,0,0,0,0,240.504844444445
599,5897,30.7480423280423,768.701058201058,138.36619047619,0,15.3740211640212,0,1721.89037037037,0,522.716719576719,0,353.602486772487,15.3740211640212,0,76.8701058201058,1752.63841269841,61.4960846560846,15.3740211640212,384.350529100529,15.3740211640212,0,0,0,0,0,15.3740211640212,0,15.3740211640212,0,15.3740211640212,0,0,76.8701058201058,0,0,0,46.1220634920635,307.480423280423,0,0,0,122.992169312169,0,46.1220634920635,0,0,15.3740211640212,0,0,15.3740211640212,0,92.2441269841269,0,0,0,0,0,15.3740211640212,0,61.4960846560846,0,0,0,15.3740211640212,0,46.1220634920635,0,0,0,0,0,0,46.1220634920635,0,0,0,0,0,0,0,0,0,0,0,0,0,0,0,0,0,0,0,0,61.4960846560846,0,15.3740211640212,0,0,46.1220634920635,0,0,0,0,46.1220634920635,0,46.1220634920635,0,0,0,107.618148148148,0,15.3740211640212,0,292.106402116402
602,5940,15.9103265362089,206.834244970715,79.5516326810444,0,47.7309796086266,0,2211.53538853303,0,572.77175530352,0,668.233714520773,0,0,159.103265362089,1352.37775557775,0,95.4619592172533,302.296204187969,0,0,15.9103265362089,0,31.8206530724178,0,0,0,0,0,0,0,0,0,0,0,0,0,350.027183796595,0,0,0,175.013591898298,0,159.103265362089,0,0,0,0,0,0,0,0,0,0,0,0,0,0,0,0,0,0,0,0,0,15.9103265362089,0,0,0,0,0,0,0,0,0,0,0,0,0,0,0,0,0,0,0,0,31.8206530724178,0,47.7309796086266,15.9103265362089,0,0,0,47.7309796086266,0,0,0,0,0,0,0,0,0,95.4619592172533,0,0,0,0,0,15.9103265362089,0,0,0,238.654898043133
607,6014,0,779.132515426497,259.710838475499,0,97.3915644283121,0,4480.01196370236,0,811.596370235934,0,681.740950998185,32.4638548094374,0,389.566257713249,2889.28307803993,32.4638548094374,292.174693284936,681.740950998185,0,0,32.4638548094374,0,32.4638548094374,0,0,0,32.4638548094374,0,97.3915644283121,0,0,324.638548094374,0,0,0,0,357.102402903811,0,0,0,32.4638548094374,0,129.85541923775,0,0,0,0,0,0,0,32.4638548094374,0,0,0,0,0,32.4638548094374,0,0,0,0,0,0,0,0,0,0,0,0,0,0,129.85541923775,0,0,0,0,32.4638548094374,0,0,0,0,0,0,0,0,64.9277096188747,0,64.9277096188747,162.319274047187,0,0,0,0,0,0,129.85541923775,0,0,0,0,0,0,129.85541923775,162.319274047187,0,0,0,0,0,0,0,0,551.885531760435
610,6058,0,917.886161443494,173.654138651472,0,148.846404558405,0,4142.89159354226,0,744.232022792023,0,1017.11709781576,0,0,173.654138651472,3324.23636847103,49.6154681861348,124.038670465337,942.693895536562,0,0,0,0,49.6154681861348,0,0,0,49.6154681861348,0,0,0,0,148.846404558405,0,0,0,0,669.80882051282,0,0,0,198.461872744539,272.885075023742,49.6154681861348,0,49.6154681861348,0,0,0,0,0,0,24.8077340930674,0,0,0,0,99.2309363722697,0,0,0,0,0,24.8077340930674,0,0,0,0,0,0,0,0,0,0,0,0,0,0,0,0,0,99.2309363722697,0,0,0,0,49.6154681861348,0,99.2309363722697,74.4232022792023,0,0,24.8077340930674,124.038670465337,0,0,0,0,0,0,0,0,0,99.2309363722697,99.2309363722697,0,0,0,0,0,0,0,0,347.308277302944
615,6145,0,318.330007272727,45.4757153246753,22.7378576623376,0,0,2978.65935376623,0,750.349302857142,0,477.495010909091,0,0,90.9514306493506,2273.78576623376,22.7378576623376,22.7378576623376,568.446441558441,0,0,0,0,0,0,22.7378576623376,0,45.4757153246753,0,90.9514306493506,0,0,136.427145974026,0,0,0,68.2135729870129,704.873587532467,0,0,0,113.689288311688,0,181.902861298701,0,0,0,0,0,0,0,113.689288311688,0,22.7378576623376,0,0,0,22.7378576623376,0,0,0,0,0,0,0,0,0,0,0,0,0,0,45.4757153246753,0,22.7378576623376,0,0,0,0,0,0,0,0,22.7378576623376,0,0,68.2135729870129,0,0,0,0,0,0,181.902861298701,0,0,0,0,0,0,0,0,0,45.4757153246753,0,0,0,0,0,22.7378576623376,0,45.4757153246753,0,682.13572987013
618,6192,0,481.637898550725,55.04433126294,0,0,0,2311.86191304348,0,688.05414078675,0,633.00980952381,0,13.761082815735,68.805414078675,1899.02942857143,0,27.52216563147,440.35465010352,0,0,41.283248447205,0,27.52216563147,0,0,0,0,0,0,0,0,13.761082815735,0,0,0,0,440.35465010352,0,0,0,96.3275797101449,0,96.3275797101449,0,0,0,0,0,0,0,0,0,0,0,0,0,41.283248447205,0,0,0,0,0,0,0,0,13.761082815735,0,0,0,0,0,0,0,0,0,0,0,0,0,0,0,0,0,0,13.761082815735,13.761082815735,0,68.805414078675,0,0,0,13.761082815735,27.52216563147,0,0,0,0,0,0,0,0,0,68.805414078675,0,0,0,0,0,13.761082815735,41.283248447205,0,0,123.849745341615
623,6414,0,286.508760156168,17.9067975097605,0,0,0,769.9922929197,0,192.498073229925,0,120.870883190883,4.47669937744012,0,0,761.03889416482,17.9067975097605,17.9067975097605,156.684478210404,4.47669937744012,0,4.47669937744012,0,13.4300981323204,0,0,0,8.95339875488024,0,13.4300981323204,0,0,22.3834968872006,0,4.47669937744012,0,26.8601962646407,67.1504906616018,0,0,4.47669937744012,13.4300981323204,0,71.6271900390419,4.47669937744012,4.47669937744012,0,0,0,0,0,13.4300981323204,0,0,0,4.47669937744012,0,17.9067975097605,0,4.47669937744012,0,0,0,0,0,0,0,0,0,0,0,0,4.47669937744012,0,8.95339875488024,0,0,0,0,0,0,0,0,0,0,0,8.95339875488024,0,0,0,0,0,0,13.4300981323204,0,0,17.9067975097605,0,0,0,0,0,0,49.2436931518413,0,4.47669937744012,0,0,4.47669937744012,17.9067975097605,8.95339875488024,4.47669937744012,0,138.777680700644
627,6605,0,131.082496986148,28.3421615105185,0,3.54277018881482,0,442.846273601852,0,123.996956608519,0,134.625267174963,0,0,35.4277018881482,442.846273601852,10.6283105664445,24.7993913217037,123.996956608519,3.54277018881482,0,0,0,14.1710807552593,0,0,0,3.54277018881482,0,0,0,0,0,0,0,0,0,46.0560124545926,0,0,0,14.1710807552593,0,31.8849316993334,0,0,0,0,0,0,0,0,0,0,0,0,0,10.6283105664445,0,0,0,0,0,0,0,0,0,0,0,0,0,0,0,0,0,0,0,0,0,0,3.54277018881482,0,0,0,0,0,0,0,10.6283105664445,0,0,0,0,7.08554037762964,0,0,0,0,0,0,0,0,0,24.7993913217037,0,0,0,0,0,0,0,0,0,46.0560124545926
631,6795,8.80316423712342,343.323405247813,35.2126569484937,0,26.4094927113703,0,1179.62400777454,0,308.11074829932,0,228.882270165209,0,0,17.6063284742468,757.072124392614,26.4094927113703,8.80316423712342,202.472777453839,0,0,0,0,17.6063284742468,0,0,8.80316423712342,0,0,17.6063284742468,0,0,35.2126569484937,0,0,0,26.4094927113703,149.653792031098,0,0,0,70.4253138969874,0,17.6063284742468,0,0,17.6063284742468,0,0,0,0,8.80316423712342,0,0,0,0,0,0,0,0,0,0,0,0,0,8.80316423712342,0,0,0,0,0,0,0,0,0,8.80316423712342,0,0,0,0,0,0,8.80316423712342,0,0,0,0,0,0,0,0,0,0,26.4094927113703,0,0,0,0,17.6063284742468,0,17.6063284742468,0,0,44.0158211856171,0,0,0,0,0,26.4094927113703,0,0,0,140.850627793975
635,6982,0,577.546872201603,50.2214671479655,0,0,0,627.768339349569,0,175.775135017879,0,138.109034656905,0,0,18.8330501804871,470.826254512176,12.5553667869914,94.1652509024353,269.940385920315,6.27768339349569,0,6.27768339349569,0,12.5553667869914,0,0,0,0,0,31.3884169674784,6.27768339349569,0,0,0,0,0,0,87.8875675089396,0,0,0,50.2214671479655,0,12.5553667869914,0,0,0,0,0,0,0,0,0,0,0,6.27768339349569,0,37.6661003609741,6.27768339349569,0,0,0,0,0,0,0,0,0,0,0,0,0,0,0,0,0,0,0,0,0,0,0,0,0,0,0,12.5553667869914,0,0,6.27768339349569,0,0,0,6.27768339349569,0,0,0,0,0,0,0,0,0,18.8330501804871,0,0,0,0,0,0,0,0,0,81.6098841154439
640,7239,0,218.145496881497,21.8145496881497,0,10.9072748440748,0,1199.80023284823,21.8145496881497,294.496420790021,0,109.072748440748,0,21.8145496881497,54.5363742203742,1199.80023284823,32.7218245322245,43.6290993762994,338.12552016632,0,0,0,0,21.8145496881497,0,0,0,0,0,0,0,0,0,10.9072748440748,0,0,0,98.1654735966736,0,0,0,43.6290993762994,0,43.6290993762994,0,0,0,0,0,0,0,0,0,0,0,10.9072748440748,0,10.9072748440748,0,0,0,0,0,32.7218245322245,0,0,0,0,0,0,0,0,10.9072748440748,0,0,0,0,10.9072748440748,0,0,0,0,0,0,0,0,0,0,10.9072748440748,21.8145496881497,0,0,0,10.9072748440748,0,0,54.5363742203742,0,0,0,0,0,0,43.6290993762994,0,0,0,0,0,10.9072748440748,0,0,0,152.701847817048
643,7415,0,538.957012406948,0,0,0,0,681.439900744417,0,198.23706203474,0,0,0,0,43.3643573200993,390.279215880894,0,37.1694491315137,328.330133995037,0,0,6.19490818858561,0,6.19490818858561,0,0,0,0,0,0,0,0,6.19490818858561,0,0,0,0,43.3643573200993,0,0,0,18.5847245657568,0,12.3898163771712,0,0,0,0,0,0,0,0,0,6.19490818858561,0,0,0,0,0,0,0,0,0,0,0,0,0,0,0,0,0,0,0,0,0,0,0,0,0,0,0,0,0,0,0,0,0,0,0,0,0,0,0,0,0,0,0,0,0,0,0,0,0,30.9745409429281,0,0,0,0,0,0,0,0,0,92.9236228287842
648,7673,0,591.936021312021,56.7609883449883,0,0,0,859.523537795537,8.10871262071262,421.653056277056,0,0,0,0,16.2174252414252,818.979974691974,24.3261378621379,8.10871262071262,251.370091242091,8.10871262071262,0,8.10871262071262,8.10871262071262,0,0,0,0,0,0,24.3261378621379,0,0,0,0,0,0,0,137.848114552114,0,0,0,72.9784135864136,0,16.2174252414252,0,0,0,0,0,0,0,16.2174252414252,0,0,0,0,0,0,0,24.3261378621379,0,0,0,0,0,16.2174252414252,8.10871262071262,0,0,0,0,0,24.3261378621379,24.3261378621379,0,0,0,8.10871262071262,0,0,0,8.10871262071262,24.3261378621379,0,0,0,8.10871262071262,0,0,0,0,0,0,16.2174252414252,8.10871262071262,16.2174252414252,24.3261378621379,0,0,0,0,0,0,48.6522757242757,0,16.2174252414252,0,0,0,32.4348504828505,0,8.10871262071262,0,251.370091242091
651,7833,0,431.669706797707,7.31643570843571,0,0,0,1141.36397051597,0,395.087528255528,0,14.6328714168714,0,0,58.5314856674857,717.0106994267,14.6328714168714,65.8479213759214,497.517628173628,0,0,14.6328714168714,0,7.31643570843571,0,0,0,0,0,0,0,0,7.31643570843571,0,0,0,0,65.8479213759214,0,0,0,80.4807927927928,0,29.2657428337428,0,7.31643570843571,0,0,0,0,0,0,0,0,0,0,0,0,0,0,0,0,0,0,0,0,0,0,0,0,0,0,0,0,0,0,0,0,0,0,0,0,0,0,0,0,0,0,36.5821785421785,21.9493071253071,0,0,0,0,0,0,0,0,0,0,0,0,0,0,0,0,0,0,0,0,0,0,0,182.910892710893
656,8177,0,237.31301900161,0,0,0,0,801.733172302737,0,359.176461191626,0,6.4138653784219,0,6.4138653784219,38.4831922705314,468.212172624799,6.4138653784219,64.138653784219,205.243692109501,0,0,0,0,6.4138653784219,0,0,0,0,0,6.4138653784219,0,0,0,6.4138653784219,0,0,0,70.5525191626409,0,0,0,32.0693268921095,0,0,0,0,0,0,0,0,6.4138653784219,0,0,0,0,0,0,0,0,12.8277307568438,0,0,0,12.8277307568438,0,0,0,0,0,0,0,0,6.4138653784219,0,0,0,0,0,0,0,6.4138653784219,0,0,0,0,0,12.8277307568438,0,0,32.0693268921095,0,0,0,0,0,0,12.8277307568438,0,19.2415961352657,0,0,0,0,19.2415961352657,0,0,0,0,0,25.6554615136876,0,0,0,64.138653784219
659,8324,0,1108.47212307692,92.3726769230769,0,0,0,3671.81390769231,0,1270.12430769231,0,0,0,0,92.3726769230769,1639.61501538462,0,184.745353846154,808.260923076923,0,0,0,0,0,0,0,0,0,0,161.652184615385,0,0,0,0,0,23.0931692307692,0,323.304369230769,0,0,0,115.465846153846,0,46.1863384615385,0,0,23.0931692307692,0,0,0,0,0,23.0931692307692,0,0,0,0,46.1863384615385,0,0,0,0,0,23.0931692307692,0,0,0,0,0,0,0,0,0,0,0,0,0,0,0,0,46.1863384615385,0,0,0,0,0,0,0,138.559015384615,69.2795076923077,0,0,0,23.0931692307692,0,0,0,0,0,0,0,0,0,23.0931692307692,23.0931692307692,0,0,0,0,46.1863384615385,0,0,0,115.465846153846
664,8540,0,1750.59749565217,310.589878260869,0,0,0,4037.6684173913,0,1552.94939130435,0,0,0,0,0,2315.30636521739,28.2354434782609,84.7063304347826,649.4152,0,0,0,0,84.7063304347826,0,28.2354434782609,0,0,0,0,0,0,28.2354434782609,0,0,0,141.177217391304,282.354434782609,0,0,0,112.941773913043,0,28.2354434782609,0,28.2354434782609,0,0,0,0,0,0,0,0,0,0,0,0,0,0,0,0,0,56.4708869565217,0,28.2354434782609,0,0,0,0,0,0,0,0,0,0,0,0,0,0,0,0,56.4708869565217,0,0,0,28.2354434782609,0,0,0,0,0,0,0,0,0,0,0,0,0,0,0,0,282.354434782609,0,0,0,0,0,28.2354434782609,0,28.2354434782609,0,310.589878260869
667,8774,0,302.132465587045,0,0,0,0,805.686574898785,0,302.132465587045,0,0,0,5.92416599190283,47.3933279352227,325.829129554656,17.7724979757085,23.6966639676113,171.800813765182,0,0,0,0,17.7724979757085,0,0,0,0,0,35.544995951417,0,0,0,0,0,0,0,82.9383238866397,0,0,0,35.544995951417,0,0,0,5.92416599190283,0,0,0,0,0,0,0,0,0,0,0,5.92416599190283,5.92416599190283,0,0,0,0,0,0,0,0,0,5.92416599190283,0,0,0,0,0,0,0,0,0,0,0,0,0,0,0,0,0,0,0,23.6966639676113,0,0,0,0,11.8483319838057,0,0,0,0,0,0,0,0,0,0,0,0,0,0,0,0,0,0,0,59.2416599190283
672,8983,0,1447.00002419843,18.7922081064731,0,0,0,2536.94809437386,0,676.51949183303,0,0,37.5844162129461,0,0,1202.70131881428,56.3766243194192,18.7922081064731,488.5974107683,0,0,0,0,0,0,0,0,0,0,0,0,0,0,0,0,0,0,225.506497277677,0,0,0,93.9610405323653,0,0,0,18.7922081064731,0,0,0,0,0,0,0,0,0,0,0,93.9610405323653,0,0,0,0,0,18.7922081064731,0,0,0,0,0,0,0,0,0,0,0,0,18.7922081064731,0,0,0,0,0,0,0,0,0,18.7922081064731,0,0,56.3766243194192,0,0,0,0,0,0,0,0,37.5844162129461,0,0,0,0,56.3766243194192,18.7922081064731,0,0,0,0,0,0,0,0,93.9610405323653
676,9102,0,1442.63816666667,79.0486666666666,0,0,0,3458.37916666667,0,1067.157,0,0,0,0,217.383833333333,731.200166666666,0,19.7621666666667,750.962333333333,0,0,0,0,39.5243333333333,0,0,0,0,0,0,0,0,0,0,0,0,0,138.335166666667,0,0,0,59.2865,0,59.2865,0,0,39.5243333333333,0,0,0,19.7621666666667,0,0,0,0,0,0,0,0,0,0,0,0,0,0,0,0,0,0,0,0,0,0,0,0,0,0,0,0,0,0,0,0,0,0,0,0,0,118.573,0,0,0,0,39.5243333333333,0,0,0,0,0,0,0,0,0,39.5243333333333,0,0,0,0,0,0,0,0,0,217.383833333333
681,9256,0,1029.09545725317,74.5721345835632,0,0,0,2177.50632984004,14.9144269167126,343.031819084391,0,0,14.9144269167126,0,14.9144269167126,626.405930501931,29.8288538334253,0,253.545257584115,0,0,0,0,0,0,0,29.8288538334253,0,0,44.7432807501379,0,0,0,0,0,0,14.9144269167126,149.144269167126,0,0,0,89.4865615002758,0,59.6577076668505,0,0,0,0,0,0,0,14.9144269167126,0,0,0,0,0,14.9144269167126,0,0,0,0,0,0,0,14.9144269167126,0,0,0,0,0,0,29.8288538334253,0,0,0,0,0,0,0,0,0,59.6577076668505,0,0,0,14.9144269167126,0,0,0,0,14.9144269167126,0,14.9144269167126,0,0,0,0,74.5721345835632,0,0,0,0,74.5721345835632,0,29.8288538334253,0,0,0,44.7432807501379,14.9144269167126,0,0,119.315415333701
684,9367,0,1131.38710427351,106.734632478633,0,21.3469264957265,0,3330.12053333334,0,789.836280341881,0,0,0,0,64.0407794871796,981.95861880342,85.3877059829061,0,298.856970940171,0,0,0,0,0,0,0,0,0,0,64.0407794871796,0,0,42.693852991453,0,0,0,0,106.734632478633,0,0,0,64.0407794871796,0,106.734632478633,0,0,0,0,0,0,0,42.693852991453,0,0,0,0,0,64.0407794871796,0,0,0,0,0,0,0,0,0,0,0,0,0,0,0,0,0,0,0,0,0,0,0,0,0,0,0,0,0,0,85.3877059829061,0,0,0,21.3469264957265,42.693852991453,0,0,0,0,0,0,0,0,0,42.693852991453,0,0,0,0,0,0,0,0,0,42.693852991453
689,9550,0,1182.21921540991,66.6038994597134,0,0,0,2830.66572703782,0,999.058491895701,0,16.6509748649283,16.6509748649283,0,66.6038994597134,1481.93676297862,49.952924594785,0,349.670472163495,0,0,0,0,0,0,66.6038994597134,0,0,0,33.3019497298567,16.6509748649283,0,0,0,0,0,99.9058491895701,299.71754756871,0,0,0,49.952924594785,0,116.556824054498,0,0,0,0,0,0,0,33.3019497298567,0,0,0,0,0,66.6038994597134,0,0,0,0,0,0,0,16.6509748649283,0,0,0,0,0,0,66.6038994597134,0,0,0,0,0,0,0,0,0,49.952924594785,0,0,0,16.6509748649283,0,0,0,0,0,0,16.6509748649283,66.6038994597134,0,66.6038994597134,0,0,0,0,0,0,116.556824054498,0,49.952924594785,0,0,0,49.952924594785,0,0,0,249.764622973925
692,9747,0,506.344541062802,45.5710086956522,0,0,0,987.371855072464,0,197.474371014493,0,0,0,0,20.2537816425121,293.679833816425,15.1903362318841,0,96.2054628019324,0,0,0,5.06344541062802,0,0,0,0,0,0,0,0,0,0,0,0,0,0,50.6344541062802,0,0,0,15.1903362318841,0,15.1903362318841,0,0,5.06344541062802,0,0,0,0,0,0,0,0,0,0,0,0,0,0,0,0,0,0,5.06344541062802,0,0,0,0,0,0,5.06344541062802,0,0,0,0,0,0,0,5.06344541062802,0,0,0,0,0,0,0,20.2537816425121,0,0,0,0,0,0,0,0,0,10.126890821256,0,0,0,0,15.1903362318841,0,0,0,0,0,5.06344541062802,0,0,0,25.3172270531401
697,10082,0,221.034272166904,12.8508297771456,0,0,0,208.183442389758,0,169.630953058322,0,2.57016595542912,0,0,2.57016595542912,228.744770033191,0,0,30.8419914651494,0,0,0,0,0,0,2.57016595542912,15.4209957325747,0,0,2.57016595542912,0,0,2.57016595542912,0,0,0,0,66.824314841157,0,0,0,0,0,5.14033191085823,0,0,0,0,0,0,0,0,0,0,0,0,0,2.57016595542912,2.57016595542912,0,0,0,0,2.57016595542912,0,0,0,0,0,0,0,0,0,0,0,0,0,0,0,0,0,0,0,0,0,0,0,0,0,0,0,0,0,2.57016595542912,0,0,0,0,0,0,0,0,0,46.2629871977241,0,0,0,2.57016595542912,0,0,0,0,0,12.8508297771456
700,10283,0,960.042480531814,13.1512668566002,0,0,0,815.378545109212,0,282.752237416904,0,0,0,13.1512668566002,32.8781671415005,401.113639126306,19.7269002849003,0,92.0588679962013,0,0,0,6.5756334283001,0,0,0,0,0,0,0,0,0,0,0,0,0,0,39.4538005698006,0,0,0,13.1512668566002,0,59.1807008547009,0,0,0,0,0,0,0,0,6.5756334283001,0,0,0,0,0,0,0,0,0,0,0,0,0,0,0,6.5756334283001,0,0,0,0,0,0,0,0,0,0,0,0,0,0,0,0,0,0,0,19.7269002849003,6.5756334283001,0,0,6.5756334283001,0,0,0,0,0,0,0,0,0,0,32.8781671415005,0,0,0,0,0,13.1512668566002,0,6.5756334283001,0,26.3025337132004
705,10621,0,490.16509072323,30.6353181702019,0,0,0,1286.68336314848,0,189.938972655252,0,6.12706363404038,0,0,0,361.496754408382,36.7623818042423,0,36.7623818042423,0,0,0,0,6.12706363404038,0,0,0,0,0,6.12706363404038,0,0,0,0,0,0,30.6353181702019,189.938972655252,0,0,0,42.8894454382827,0,24.5082545361615,0,0,0,0,0,0,6.12706363404038,6.12706363404038,0,0,0,0,0,6.12706363404038,0,0,0,0,0,0,0,0,0,0,0,0,0,0,24.5082545361615,0,12.2541272680808,0,0,0,0,0,0,0,18.3811909021211,0,0,0,6.12706363404038,0,0,0,0,0,6.12706363404038,0,0,12.2541272680808,0,0,0,0,0,0,0,55.1435727063634,0,12.2541272680808,0,0,12.2541272680808,24.5082545361615,0,6.12706363404038,0,36.7623818042423
708,10843,0,446.514809661836,4.2124038647343,0,0,0,631.860579710145,0,147.434135265701,0,0,0,0,25.2744231884058,223.257404830918,8.4248077294686,0,21.0620193236715,0,0,0,0,12.6372115942029,0,0,0,0,0,0,0,0,0,0,0,0,0,37.9116347826087,0,0,4.2124038647343,21.0620193236715,0,21.0620193236715,0,0,4.2124038647343,0,0,0,0,0,0,0,0,0,0,8.4248077294686,0,0,0,0,0,0,0,0,0,0,0,0,0,0,0,0,0,0,0,0,0,0,0,0,0,0,0,0,0,0,4.2124038647343,8.4248077294686,0,0,0,8.4248077294686,0,0,0,0,0,0,0,0,0,8.4248077294686,0,0,0,0,0,0,0,0,0,25.2744231884058
713,11106,5.61254285239871,1150.57128474173,11.2250857047974,0,0,0,611.767170911459,0,106.638314195575,0,0,0,0,5.61254285239871,230.114256948347,11.2250857047974,0,5.61254285239871,0,0,0,16.8376285571961,0,0,0,0,0,0,0,0,0,0,0,0,0,28.0627142619935,106.638314195575,0,11.2250857047974,0,39.2877999667909,0,33.6752571143922,0,0,5.61254285239871,0,0,0,0,0,0,0,0,0,0,11.2250857047974,0,5.61254285239871,0,0,0,0,0,16.8376285571961,0,0,0,0,0,0,11.2250857047974,0,0,0,0,0,0,0,0,0,0,0,0,0,0,0,0,0,0,0,0,5.61254285239871,0,0,16.8376285571961,0,0,0,0,0,5.61254285239871,50.5128856715884,0,11.2250857047974,0,0,0,5.61254285239871,0,0,0,101.025771343177
717,11280,0,898.457664865791,62.2693431095103,0,0,0,1183.1175190807,0,373.616058657062,0,0,0,0,17.7912408884315,426.989781322356,44.4781022210788,8.89562044421576,17.7912408884315,0,0,0,8.89562044421576,0,0,0,0,0,0,0,0,0,17.7912408884315,0,0,0,0,177.912408884315,0,0,0,80.0605839979418,0,151.225547551668,0,8.89562044421576,0,0,0,0,8.89562044421576,0,8.89562044421576,0,0,0,0,0,0,8.89562044421576,0,0,0,0,0,0,0,0,0,0,0,0,8.89562044421576,0,0,0,0,0,0,0,0,0,0,0,0,0,0,0,26.6868613326473,8.89562044421576,0,0,8.89562044421576,26.6868613326473,0,0,0,0,0,0,0,0,0,17.7912408884315,17.7912408884315,0,0,0,0,0,0,0,0,71.164963553726
721,11401,0,590.363061325835,90.8250863578207,0,0,0,1271.55120900949,0,136.237629536731,0,0,0,0,63.5775604504745,517.702992239578,54.4950518146924,0,36.3300345431283,0,0,0,0,18.1650172715641,0,0,0,0,0,9.08250863578207,0,0,0,0,0,0,9.08250863578207,199.815189987206,0,0,0,63.5775604504745,0,108.990103629385,0,0,9.08250863578207,0,0,0,0,0,0,0,0,0,0,81.7425777220387,0,0,0,0,0,0,0,9.08250863578207,0,0,0,0,0,0,45.4125431789104,0,0,0,18.1650172715641,0,0,0,0,0,0,0,0,0,18.1650172715641,0,0,45.4125431789104,0,0,9.08250863578207,0,0,0,0,0,27.2475259073462,0,0,0,0,36.3300345431283,36.3300345431283,0,0,9.08250863578207,0,36.3300345431283,0,27.2475259073462,0,72.6600690862566
