SampleId,age,sumCharArea,depth,Density,Mass,sed_rate,CHAR.tram,CHAR.z_scores
TRAM-3U-19-20,863,18403.1051,390,0.773142857,1.5025,0.0512820512820513,485.625811841299,-0.600657565126713
TRAM-3U-20-21,902,19629.9787,392,0.714384615,1.6349,0.0512820512820513,439.871795689149,-0.615819726154129
TRAM-3U-21-22,939,22083.7261,394,0.654214286,1.6743,0.0540540540540541,466.430960344252,-0.607018436887735
TRAM-3U-22-23,959,28218.0945,395,0.655772727,1.5234,0.05,607.34727520706,-0.560320987417183
TRAM-3U-23-24,999,0,397,0.46625,1.5846,0.05,0,-0.761586317997759
TRAM-3U-24-25,1020,84654.2835,398,0.4925,1.5901,0.0476190476190476,1248.56581717682,-0.347831251985439
TRAM-3U-25-26,1049,15949.3577,400,0.476136364,1.5225,0.0689655172413793,343.992715402906,-0.647592544733077
TRAM-3U-26-27,1066,25764.3472,402,0.513538462,1.534,0.117647058823529,1014.72376988435,-0.425322827025292
TRAM-3U-27-28,1077,61343.6836,403,0.574961538,1.5406,0.0909090909090909,2081.25869904532,-0.0718899331012468
TRAM-3U-28-29,1096,78519.9151,405,0.572541667,1.6593,0.105263157894737,2851.92697517041,0.183497407377722
TRAM-3U-29-30,1106,63797.431,406,0.536818182,1.5324,0.1,2234.90086959609,-0.0209753352931384
TRAM-3U-30-31,1128,36806.2101,408,0.58295,1.5356,0.0909090909090909,1270.22781606213,-0.340652806399755
TRAM-3U-31-32,1158,74839.2941,410,0.517178571,1.5525,0.0666666666666667,1662.06244454264,-0.210804975918978
TRAM-3U-32-33,1180,143544.2199,411,0.615,1.5321,0.0454545454545455,2619.09367530306,0.106340115362223
TRAM-3U-33-34,1230,147224.841,413,0.625703704,1.5371,0.04,2397.21887540202,0.0328142978069246
TRAM-3U-34-35,1283,261324.0926,415,0.6989375,1.5559,0.0377358490566038,4429.86242195835,0.706400386113097
TRAM-3U-35-36,1307,201207.2826,416,0.56084,1.6323,0.0416666666666667,2880.52370819763,0.192973914742124
TRAM-3U-36-37,1350,318987.1553,418,0.507538462,1.5912,0.0465116279069767,4732.37253144379,0.806647476492806
TRAM-3U-37-38,1375,774157.2888,419,0.39316,1.651,0.04,7374.14123960286,1.68208805895659
TRAM-3U-38-39,1426,721401.7207,421,0.419,1.5207,0.0392156862745098,7794.84476249457,1.82150258680204
TRAM-3U-39-40,1479,269912.2083,423,0.448857143,1.6326,0.0377358490566038,2800.30285476711,0.166389986165766
TRAM-3U-40-41,1499,105511.1361,424,0.4625,1.5563,0.05,1567.78578828793,-0.242046776387527
TRAM-3U-41-42,1540,217156.6404,426,0.36648,1.5744,0.0487804878048781,2465.78071007436,0.0555346110179044
TRAM-3U-42-43,1559,246601.6086,427,0.409076923,1.5757,0.0526315789473684,3369.56431236705,0.355034276059996
TRAM-3U-43-44,1611,452716.3859,429,0.482060606,1.5845,0.0384615384615385,5297.393871716,0.993886658221574
TRAM-3U-44-45,1668,95696.1466,431,0.43256,1.5806,0.0350877192982456,918.912098077257,-0.4570733074949
TRAM-3U-45-46,1695,52755.5679,432,0.575392857,1.866,0.037037037037037,602.500435406266,-0.561927153863629
TRAM-3U-46-47,1752,126367.9885,434,0.658703704,1.5667,0.0350877192982456,1864.21704559431,-0.14381412197108
TRAM-3U-47-48,1778,76066.1678,435,0.681733333,1.519,0.0384615384615385,1313.03089337194,-0.326468540072573
TRAM-3U-48-49,1830,0,437,0.627846154,1.5735,0.0384615384615385,0,-0.761586317997759
TRAM-3U-49-50,1880,0,439,0.696724138,1.5424,0.04,0,-0.761586317997759
TRAM-3U-50-51,1897,71158.6731,440,0.920666667,1.6452,0.0588235294117647,2342.40851786729,0.0146510077440761
TRAM-3U-51-52,1927,13495.6104,442,0.744333333,1.5974,0.0666666666666667,419.232614244041,-0.62265922613385
TRAM-3U-52-53,1940,50301.8207,443,0.765222222,1.6063,0.0769230769230769,1843.32225547961,-0.150738326641982
TRAM-3U-53-54,1970,61343.6838,445,0.799481481,1.5782,0.0666666666666667,2071.69092106703,-0.0750605441772016
TRAM-3U-54-55,2003,107964.8832,447,0.721454545,1.5029,0.0606060606060606,3141.06891061258,0.279314495223611
TRAM-3U-55-56,2021,441674.523,448,0.591956522,1.5206,0.0555555555555556,9552.22772045717,2.40387164718916
TRAM-3U-56-57,2085,4230260.4306,450,0.4045,1.624,0.03125,32926.8077312519,10.1498396709213
TRAM-3U-57-58,2139,844089.0882,451,0.513961538,1.5249,0.0185185185185185,5268.46114961139,0.984298809363612
TRAM-3U-58-59,2246,352112.7446,453,0.447318182,1.526,0.0186915887850467,1929.2565349947,-0.122261058560204
TRAM-3U-59-60,2361,1387594.1262,455,0.4885,1.5903,0.0173913043478261,7412.76303512545,1.69488671429067
TRAM-3U-60-61,2416,830593.4778,456,0.627636364,1.5761,0.0181818181818182,6013.81627110078,1.23129776869103
TRAM-3U-61-62,2520,33125.5892,458,0.549272727,1.5836,0.0192307692307692,220.954479488869,-0.688365480146095
TRAM-3U-62-63,2602,103057.3886,460,0.4894,1.7084,0.024390243902439,720.061646339179,-0.522969218350048
TRAM-3U-63-64,2635,114099.2517,461,0.422136364,1.5416,0.0303030303030303,946.781841136301,-0.44783771316699
TRAM-3U-64-65,2708,174216.0616,463,0.323695652,1.5086,0.0273972602739726,1024.13707798547,-0.422203404836094
TRAM-3U-65-66,2744,650243.0473,464,0.28024,1.6031,0.0277777777777778,3157.49540084406,0.284757975620539
TRAM-3U-66-67,2806,273592.8295,466,0.40575,1.6408,0.032258064516129,2182.45801752145,-0.0383540712984855
TRAM-3U-67-68,2863,277273.4503,468,0.4766,1.6525,0.0350877192982456,2805.92459936789,0.168252943870037
TRAM-3U-68-69,2890,440447.649,469,0.557727273,1.6092,0.037037037037037,5653.82536931236,1.11200244818475
TRAM-3U-69-70,2960,261324.0925,471,0.439958333,1.6657,0.0285714285714286,1972.08744687412,-0.108067568294622
TRAM-3U-70-71,2993,326348.3974,472,0.342857143,1.6745,0.0303030303030303,2024.86276600329,-0.0905786579386717
TRAM-3U-71-72,3056,350885.8709,474,0.62505,1.5752,0.0317460317460317,4420.12329209987,0.703172991720216
TRAM-3U-72-73,3124,53982.4416,476,0.7235,1.6105,0.0294117647058824,713.265819851343,-0.525221248317872
TRAM-3U-73-74,3159,826912.8569,477,0.546136364,1.6224,0.0285714285714286,7953.07095330055,1.87393625679457
TRAM-3U-74-75,3232,500564.4591,479,0.37425,1.6092,0.0273972602739726,3189.47300995602,0.295354852122376
TRAM-3U-75-76,3255,484615.1015,480,0.358565217,1.5957,0.0434782608695652,4734.6297258345,0.807395475197627
TRAM-3U-76-77,3304,143544.22,482,0.381625,1.6052,0.0408163265306122,1392.9235840025,-0.29999335948458
TRAM-3U-77-78,3346,121460.4938,484,0.41556,1.706,0.0476190476190476,1408.86849783755,-0.294709465927973
TRAM-3U-78-79,3367,206114.7772,485,0.57695,1.6851,0.0476190476190476,3360.48788133359,0.352026489630368
TRAM-3U-79-80,3405,341070.8814,487,0.6045,1.5254,0.0526315789473684,7113.83201666862,1.59582567836194
TRAM-3U-80-81,3424,380330.839,488,0.590136364,1.9503,0.0526315789473684,6057.01844640715,1.24561428981459
TRAM-3U-81-82,3465,295676.5555,490,0.756958333,1.7464,0.0487804878048781,6251.60141443477,1.31009602371564
TRAM-3U-82-83,3509,60116.81,492,0.6519,1.5164,0.0454545454545455,1174.73647031846,-0.372297135852177
TRAM-3U-83-84,3532,893164.035,493,0.382833333,1.7353,0.0434782608695652,8567.19335423216,2.07744675743574
TRAM-3U-84-85,3576,114099.2518,495,0.5151,1.6548,0.0454545454545455,1614.38143038928,-0.226605713763272
TRAM-3U-85-86,3597,49074.947,496,0.714695652,1.65,0.0476190476190476,1012.22658710045,-0.426150354107472
TRAM-3U-86-87,3639,22083.7261,498,0.661045455,1.8972,0.0476190476190476,366.413330117313,-0.640162705798217
TRAM-3U-87-88,3674,196299.7879,500,0.559708333,1.8766,0.0571428571428571,3345.58326011366,0.347087332677723
TRAM-3U-88-89,3689,0,501,0.448608696,1.5277,0.0666666666666667,0,-0.761586317997759
TRAM-3U-89-90,3719,349658.9972,503,0.439291667,1.5109,0.0666666666666667,6777.51820158124,1.48437657183668
TRAM-3U-90-91,3747,45394.326,505,0.61665,1.5316,0.0714285714285714,1305.47005595922,-0.32897408262369
TRAM-3U-91-92,3759,44167.4523,506,0.66348,1.5456,0.0833333333333333,1579.98087323175,-0.238005517123063
TRAM-3U-92-93,3785,23310.5998,508,0.7293,1.575,0.0769230769230769,830.301364304762,-0.486437510404395
TRAM-3U-93-94,3799,51528.6943,509,0.701375,1.6013,0.0714285714285714,1612.12487910102,-0.227353499354059
TRAM-3U-94-95,3830,0,511,0.75345,1.5255,0.0645161290322581,0,-0.761586317997759
TRAM-3U-95-96,3861,208568.5248,513,0.855666667,1.6661,0.0645161290322581,6910.67741574288,1.52850344019047
TRAM-3U-96-97,3878,40486.8312,514,0.984916667,1.5868,0.0588235294117647,1478.23050619432,-0.271723987748459
TRAM-3U-97-98,3910,0,516,0.971416667,1.5063,0.0625,0,-0.761586317997759
TRAM-3U-98-99,3925,80973.6625,517,0.978958333,1.6263,0.0666666666666667,3249.49647083993,0.315245682608559
TRAM-3U-99-100,3957,30671.8418,519,0.964666667,1.662,0.0625,1112.66935168311,-0.392865202360862
TRAM-3U-100-101,3984,47848.0733,521,0.91708,1.5292,0.0740740740740741,2125.56122600847,-0.0572087727523288
TRAM-3U-101-102,3998,0,522,0.983,1.5174,0.0714285714285714,0,-0.761586317997759
TRAM-3U-102-103,4027,45394.3259,524,0.972086957,1.5271,0.0689655172413793,1992.83438427117,-0.101192359687935
TRAM-3U-103-104,4042,13495.6104,525,0.91755,1.5392,0.0666666666666667,536.334776616424,-0.58385341209024
TRAM-3U-104-105,4070,8588.1157,527,1.029619048,1.7219,0.0714285714285714,366.80774191084,-0.64003200393579
TRAM-3U-105-106,4100,28218.0945,529,1.070652174,1.5988,0.0666666666666667,1259.76833552508,-0.344118913673015
TRAM-3U-106-107,4111,15949.3578,530,0.84436,1.5527,0.0909090909090909,788.479876813293,-0.500296493310792
TRAM-3U-107-108,4135,40486.8313,532,0.806454545,1.5515,0.0833333333333333,1753.72161964407,-0.180430567519364
TRAM-3U-108-109,4148,24537.4734,533,0.7289,1.5827,0.0769230769230769,869.272293270021,-0.473523157740919
TRAM-3U-109-110,4173,40486.8312,535,0.745818182,1.6852,0.08,1433.45904773439,-0.286560544616918
TRAM-3U-110-111,4199,331255.8921,537,0.62935,1.6305,0.0769230769230769,9835.39243238907,2.49770797721352
TRAM-3U-111-112,4212,161947.3249,538,0.649857143,1.6717,0.0769230769230769,4842.72692818489,0.84321718718023
TRAM-3U-112-113,4250,376650.218,540,0.46625,1.734,0.0526315789473684,5330.33339836399,1.00480229905937
TRAM-3U-113-114,4277,116552.9991,541,0.407444444,1.7645,0.037037037037037,996.79632074624,-0.431263701586748
TRAM-4U-13-14,4513,277273.4504,550,0.398783027,1.5189,0.0377358490566038,2747.0710769399,0.148749812579521
TRAM-4U-14-15,4539,0,551,0.56063587,1.5491,0.0384615384615385,0,-0.761586317997759
TRAM-4U-15-16,4600,46621.1996,553,0.33683587,1.5588,0.0327868852459016,330.302257047448,-0.652129347216914
TRAM-4U-16-17,4660,155812.9566,555,0.27043587,1.6012,0.0333333333333333,877.20485626183,-0.470894431181878
TRAM-4U-17-18,4685,23310.5998,556,0.221396245,1.492,0.04,138.361374381173,-0.715735535601615
TRAM-4U-18-19,4728,229425.3772,558,0.51083587,1.5029,0.0465116279069767,3627.05628535344,0.440363064350489
TRAM-4U-19-20,4752,208568.5247,559,0.551150966,1.5587,0.0416666666666667,3072.87974662646,0.256717679214186
TRAM-4U-20-21,4890,77293.0415,561,0.47,1.5696,0.0144927536231884,335.428665523571,-0.650430536110391
TRAM-4U-21-22,5036,0,563,0.434666667,1.6373,0.0136986301369863,0,-0.761586317997759
TRAM-4U-22-23,5110,14722.4841,564,0.380909091,1.6323,0.0135135135135135,46.4270117591738,-0.746201136815555
TRAM-4U-23-24,5252,79746.7888,566,0.512416667,1.5793,0.0140845070422535,364.429451458249,-0.640820131970108
TRAM-4U-24-25,5404,0,568,0.7737,1.571,0.0131578947368421,0,-0.761586317997759
TRAM-4U-25-26,5472,33125.5892,569,0.5787,1.6756,0.0147058823529412,168.243319952467,-0.705833129022535
TRAM-4U-26-27,5509,512833.196,571,0.282818182,1.5192,0.0540540540540541,5160.55933286259,0.948541845095043
TRAM-4U-27-28,5537,187711.6722,573,0.2783,1.5392,0.0714285714285714,2424.27227378137,0.0417793683529181
TRAM-4U-28-29,5551,201207.2826,574,0.2924,1.5104,0.0714285714285714,2782.28139339815,0.160417957430259
TRAM-4U-29-30,5575,82200.5362,576,0.299333333,1.4065,0.0833333333333333,1457.83626467195,-0.27848231849184
TRAM-4U-30-31,5585,99376.7676,577,0.3993,1.4612,0.1,2715.65448280044,0.138338847612173
TRAM-4U-31-32,5610,14722.4841,579,0.5792,1.5148,0.08,450.34395514761,-0.612349417285811
TRAM-4U-32-33,5635,9814.9894,581,0.469,1.5907,0.08,231.507136661847,-0.684868495601793
TRAM-4U-33-34,5648,87108.0309,582,0.644083333,1.7955,0.0769230769230769,2403.65147369017,0.0349459596646556
TRAM-4U-34-35,5678,20856.8525,584,0.656727273,1.5514,0.0666666666666667,588.597991735991,-0.566534204945272
TRAM-4U-35-36,5707,206114.7774,586,0.7491,1.5348,0.0689655172413793,6937.91754290529,1.53753038971705
TRAM-4U-36-37,5720,84654.2835,587,0.5542,1.6843,0.0769230769230769,2142.65702326463,-0.0515434945387615
TRAM-4U-37-38,5746,55209.3154,589,0.5464,1.572,0.0769230769230769,1476.13867364259,-0.272417188141759
TRAM-4U-38-39,5768,31898.7155,591,0.706090909,1.7224,0.0909090909090909,1188.79539244012,-0.367638230273886
TRAM-4U-39-40,5778,42940.5786,592,0.5439,1.541,0.1,1515.59900717326,-0.259340654505936
TRAM-4U-40-41,5803,455170.1333,594,0.346083333,1.5355,0.08,8207.19227949297,1.95814806577363
TRAM-4U-41-42,5821,141090.4726,595,0.336916667,1.6746,0.0555555555555556,1577.01778779167,-0.238987437014666
TRAM-4U-42-43,5861,359473.9866,597,0.341454545,1.5136,0.05,4054.70489342756,0.582079084146607
TRAM-4U-43-44,5897,22083.7261,599,0.3345,1.5705,0.0555555555555556,261.311202393081,-0.674991897176292
TRAM-4U-44-45,5912,112872.378,600,0.36425,1.5835,0.0666666666666667,1730.92363694348,-0.187985460267075
TRAM-4U-45-46,5940,204887.9036,602,0.354181818,1.5955,0.0714285714285714,3248.76080866977,0.315001895740789
TRAM-4U-46-47,5970,204887.9037,604,0.350727273,1.5442,0.0666666666666667,3102.35184282639,0.26648426816045
TRAM-4U-47-48,5985,361927.734,605,0.398727273,1.5079,0.0666666666666667,6380.19578667416,1.35271017528278
TRAM-4U-48-49,6014,159493.5776,607,0.429,1.583,0.0689655172413793,2980.92860741935,0.226246518503914
TRAM-4U-49-50,6043,164401.0723,609,0.389909091,1.6211,0.0689655172413793,2727.03177960977,0.142109104756511
TRAM-4U-50-51,6058,288315.3134,610,0.417666667,1.5964,0.0666666666666667,5028.80213784509,0.904879583825284
TRAM-4U-51-52,6091,85881.1571,612,0.394555556,1.5882,0.0606060606060606,1293.05475188278,-0.333088319043621
TRAM-4U-52-53,6105,282180.9452,613,0.393545455,1.5217,0.0714285714285714,5212.73333729495,0.965831489221973
TRAM-4U-53-54,6145,277273.4505,615,0.4199,1.567,0.05,3714.96878956445,0.469495884969738
TRAM-4U-54-55,6178,149678.5883,617,0.41575,1.463,0.0606060606060606,2577.88575097765,0.0926844576348298
TRAM-4U-55-56,6192,171762.3143,618,0.425083333,1.5164,0.0714285714285714,3439.22151366194,0.378117576534433
TRAM-4U-56-57,6260,224517.8825,620,0.3892,1.5967,0.0294117647058824,1609.61320718467,-0.22818582790675
TRAM-4U-57-58,6360,154586.083,622,0.3989,1.5194,0.02,811.693938511254,-0.492603718530227
TRAM-4U-58-59,6414,128821.7358,623,0.407,1.5749,0.0185185185185185,616.50529805067,-0.55728616274549
TRAM-4U-59-60,6511,36806.2102,625,0.4428,1.4722,0.0206185567010309,228.254927775669,-0.685946226454163
TRAM-4U-60-61,6605,258870.3453,627,0.4257,1.5039,0.0212765957446809,1559.08264037205,-0.244930862665485
TRAM-4U-61-62,6653,33125.5892,628,0.446,1.5278,0.0208333333333333,201.460880339922,-0.694825352178253
TRAM-4U-62-63,6746,201207.2827,630,0.443,1.5244,0.021505376344086,1257.46390945424,-0.344882564213453
TRAM-4U-63-64,6795,9814.9894,631,0.4345,1.5855,0.0204081632653061,54.8930408137522,-0.743395627997238
TRAM-4U-64-65,6893,204887.9036,633,0.4809,1.5099,0.0204081632653061,1331.76265006386,-0.320261130643313
TRAM-4U-65-66,6982,17176.2314,635,0.4442,1.5755,0.0224719101123596,108.824835174566,-0.725523479946302
TRAM-4U-66-67,7030,148451.7146,636,0.4575,1.5802,0.0208333333333333,895.412229326193,-0.464860794235778
TRAM-4U-67-68,7135,119006.7463,638,0.4612,1.499,0.0190476190476191,697.428906808476,-0.53046935211131
TRAM-4U-68-69,7239,304264.6712,640,0.5033,1.5835,0.0192307692307692,1859.76062052124,-0.145290911119815
TRAM-4U-69-70,7291,1192521.212,641,0.43,1.498,0.0192307692307692,6582.9326430112,1.41989397947064
TRAM-4U-70-71,7415,236786.6192,643,0.4311,1.5889,0.0161290322580645,1036.20796226564,-0.418203303717308
TRAM-4U-71-72,7521,107964.8833,645,0.4253,1.5936,0.0188679245283019,543.654155152331,-0.581427885211617
TRAM-4U-72-73,7574,144771.0936,646,0.4983,1.5434,0.0188679245283019,881.89803864636,-0.46933918438543
TRAM-4U-73-74,7673,201207.2825,648,0.438,1.5211,0.0202020202020202,1170.45532220502,-0.373715840974417
TRAM-4U-74-75,7722,123914.241,649,0.4383,1.5691,0.0204081632653061,706.392353218211,-0.527499007008203
TRAM-4U-75-76,7833,199980.4089,651,0.4285,1.7033,0.018018018018018,906.47148871745,-0.461195929687569
TRAM-4U-76-77,7964,172989.1881,653,0.4068,1.5481,0.0152671755725191,694.000197425754,-0.531605572451054
TRAM-4U-77-78,8039,417137.0492,654,0.4405,1.6727,0.0133333333333333,1464.68878796835,-0.276211500093763
TRAM-4U-78-79,8177,256416.5979,656,0.3821,1.5773,0.0144927536231884,900.243050246293,-0.463259936194341
TRAM-4U-79-80,8281,273592.8295,658,0.4912,1.6053,0.0192307692307692,1609.91712369123,-0.228085114758508
TRAM-4U-80-81,8324,287088.4398,659,0.4644,1.6881,0.0232558139534884,1836.71296122268,-0.152928542763511
TRAM-4U-81-82,8403,112872.378,661,0.3765,1.6454,0.0253164556962025,653.858941106237,-0.544907753184989
TRAM-4U-82-83,8494,195072.9142,663,0.404,1.4996,0.021978021978022,1155.02533037088,-0.378829097482064
TRAM-4U-83-84,8540,602394.9741,664,0.4361,1.5766,0.0217391304347826,3622.33049938241,0.438797013238482
TRAM-4U-84-85,8698,193846.0405,666,0.4373,1.5611,0.0126582278481013,687.351044343529,-0.533808997160119
TRAM-4U-85-86,8774,67478.0521,667,0.3369,1.5635,0.0131578947368421,191.316342824718,-0.698187092289606
TRAM-4U-86-87,8894,1218285.559,669,0.3382,1.6296,0.0166666666666667,4213.96023619089,0.634853798904413
TRAM-4U-87-88,8954,99376.7676,671,0.4346,1.5731,0.0333333333333333,915.15994318988,-0.458316712585571
TRAM-4U-88-89,8983,82200.5362,672,0.447,1.5806,0.0344827586206897,801.60828671347,-0.495945944841376
TRAM-4U-89-90,9038,131275.4831,674,0.3958,1.574,0.0363636363636364,1200.38896178769,-0.363796303813358
TRAM-4U-90-91,9102,271139.0819,676,0.3913,1.6066,0.03125,2063.68889945129,-0.0777122882313025
TRAM-4U-91-92,9131,301810.9239,677,0.3411,1.5316,0.0344827586206897,2317.78591111144,0.00649146329434877
TRAM-4U-92-93,9186,190165.4194,679,0.3841,1.4851,0.0363636363636364,1788.49389001145,-0.168907584250621
TRAM-4U-93-94,9256,409775.8073,681,0.32425,1.5424,0.0285714285714286,2461.28122252936,0.0540435516435475
TRAM-4U-94-95,9292,215929.7667,682,0.328666667,1.4406,0.0277777777777778,1368.42898652137,-0.308110483674851
TRAM-4U-95-96,9367,345978.3762,684,0.2995,1.4712,0.0266666666666667,1878.20416298532,-0.139179011350702
TRAM-4U-96-97,9409,257643.4718,685,0.314583333,1.5574,0.0238095238095238,1239.09724517259,-0.350968987762563
TRAM-4U-97-98,9484,301810.9238,687,0.314666667,1.5712,0.0266666666666667,1611.84381290457,-0.227446640269074
TRAM-4U-98-99,9550,1278402.3692,689,0.283333333,1.5394,0.0303030303030303,7130.1688611567,1.60123945157005
TRAM-4U-99-100,9609,137409.8516,690,0.323,1.528,0.0169491525423729,492.31722054752,-0.598440137568735
TRAM-4U-100-101,9747,160720.4513,692,0.335166667,1.535,0.0144927536231884,508.59781882601,-0.593045003469463
TRAM-4U-101-102,9882,267458.4611,694,0.35,1.4735,0.0148148148148148,941.175195214217,-0.449695667406715
TRAM-4U-102-103,9945,839181.5937,695,0.289416667,1.7163,0.0158730158730159,2246.18610037282,-0.0172355873833722
TRAM-4U-103-104,10082,256416.5979,697,0.296833333,1.5988,0.0145985401459854,694.9828556744,-0.531279934969279
TRAM-4U-104-105,10211,186484.7985,699,0.407083333,1.5779,0.0155038759689922,745.911952715226,-0.514402833563666
TRAM-4U-105-106,10283,103057.3887,700,0.442833333,1.5877,0.0138888888888889,399.225704970656,-0.62928920106447
TRAM-4U-106-107,10418,392599.5758,702,0.322,1.5299,0.0148148148148148,1224.1619607924,-0.355918306004041
TRAM-4U-107-108,10485,0,703,0.383833333,1.5194,0.0149253731343284,0,-0.761586317997759
TRAM-4U-108-109,10621,288315.3136,705,0.300769231,1.652,0.0147058823529412,771.937537005019,-0.505778364434612
TRAM-4U-109-110,10774,743485.447,707,0.315166667,1.5163,0.0130718954248366,2020.06889227687,-0.0921672722614745
TRAM-4U-110-111,10843,170535.4407,708,0.278833333,1.4228,0.0144927536231884,484.357903429906,-0.601077730024099
TRAM-4U-111-112,10965,169308.5671,710,0.306083333,1.5253,0.0163934426229508,556.972189544246,-0.577014498169321
TRAM-4U-112-113,11060,197526.6616,712,0.370696558,1.6481,0.0210526315789474,935.334833008355,-0.45163107154543
TRAM-4U-113-114,11106,161947.3251,713,0.183279891,1.3061,0.0217391304347826,494.031153018937,-0.597872167315909
TRAM-4U-114-115,11204,141090.4726,715,0.440025621,1.5703,0.0204081632653061,806.857689002602,-0.494206375520492
TRAM-4U-115-116,11280,24537.4735,717,0.411029891,1.5248,0.0263157894736842,174.063122309749,-0.703904538094136
TRAM-4U-116-117,11316,106738.0097,718,0.441613225,1.5483,0.0277777777777778,845.675125652118,-0.481342887795299
TRAM-4U-117-118,11378,182804.1774,720,0.253446558,1.5428,0.032258064516129,968.726520487497,-0.4405655917228
TRAM-4U-118-119,11401,223291.0088,721,0.361723279,1.5478,0.0434782608695652,2268.84598825693,-0.00972645708496203
TRAM-4U-119-120,11433,228198.5035,723,0.298639946,1.6119,0.0625,2642.42465268165,0.114071634159717
